Player,Team,Team within selected timeframe,Position,Age,Market value,Contract expires,Matches played,Minutes played,Goals,xG,Assists,xA,Duels per 90,"Duels won, %",Birth country,Passport country,Foot,Height,Weight,On loan,Successful defensive actions per 90,Defensive duels per 90,"Defensive duels won, %",Aerial duels per 90,"Aerial duels won, %",Sliding tackles per 90,PAdj Sliding tackles,Shots blocked per 90,Interceptions per 90,PAdj Interceptions,Fouls per 90,Yellow cards,Yellow cards per 90,Red cards,Red cards per 90,Successful attacking actions per 90,Goals per 90,Non-penalty goals,Non-penalty goals per 90,xG per 90,Head goals,Head goals per 90,Shots,Shots per 90,"Shots on target, %","Goal conversion, %",Assists per 90,Crosses per 90,"Accurate crosses, %",Crosses from left flank per 90,"Accurate crosses from left flank, %",Crosses from right flank per 90,"Accurate crosses from right flank, %",Crosses to goalie box per 90,Dribbles per 90,"Successful dribbles, %",Offensive duels per 90,"Offensive duels won, %",Touches in box per 90,Progressive runs per 90,Accelerations per 90,Received passes per 90,Received long passes per 90,Fouls suffered per 90,Passes per 90,"Accurate passes, %",Forward passes per 90,"Accurate forward passes, %",Back passes per 90,"Accurate back passes, %",Lateral passes per 90,"Accurate lateral passes, %",Short / medium passes per 90,"Accurate short / medium passes, %",Long passes per 90,"Accurate long passes, %","Average pass length, m","Average long pass length, m",xA per 90,Shot assists per 90,Second assists per 90,Third assists per 90,Smart passes per 90,"Accurate smart passes, %",Key passes per 90,Passes to final third per 90,"Accurate passes to final third, %",Passes to penalty area per 90,"Accurate passes to penalty area, %",Through passes per 90,"Accurate through passes, %",Deep completions per 90,Deep completed crosses per 90,Progressive passes per 90,"Accurate progressive passes, %",Conceded goals,Conceded goals per 90,Shots against,Shots against per 90,Clean sheets,"Save rate, %",xG against,xG against per 90,Prevented goals,Prevented goals per 90,Back passes received as GK per 90,Exits per 90,Aerial duels per 90.1,Free kicks per 90,Direct free kicks per 90,"Direct free kicks on target, %",Corners per 90,Penalties taken,"Penalty conversion, %",League,Focus Position,Rank,Status
O. Édouard,Crystal Palace,Celtic,CF,23,17000000,2025-06-30,4,271,2,3.04,0,1.39,15.61,38.3,French Guiana,"French Guiana, France",right,187,83,no,1.99,1.33,50.0,2.32,42.86,0.0,0.0,0.0,1.33,2.61,1.0,1,0.33,0,0.0,2.99,0.66,1,0.33,1.01,0,0.0,12,3.99,33.33,16.667,0.0,0.0,0.0,0.0,0.0,0.0,0.0,0.0,2.32,57.14,8.3,40.0,5.31,0.66,0.33,14.28,0.33,1.0,19.26,77.59,3.99,75.0,6.64,80.0,2.99,55.56,18.27,78.18,1.0,66.67,12.09,13.2,0.46,2.66,0.0,0.0,1.33,25.0,1.66,1.33,25.0,2.32,71.43,1.0,33.33,2.66,0.0,1.0,100.0,0,,0,,0,0,0,0.0,,,0.0,,,0.33,0.33,0.0,0.0,1,100,Scottish Premiership,Striker,0,0
A. Morelos,Rangers,Rangers,CF,25,12000000,2023-05-31,3,265,1,1.13,1,0.13,19.7,32.76,Colombia,Colombia,left,177,79,no,2.04,2.38,42.86,4.42,23.08,0.34,0.5,0.0,0.68,1.0,1.36,0,0.0,0,0.0,2.38,0.34,1,0.34,0.38,0,0.0,11,3.74,27.27,9.091,0.34,0.68,0.0,0.0,0.0,0.68,0.0,0.0,2.72,37.5,7.47,45.45,5.43,0.34,0.0,24.45,1.02,2.72,25.81,80.26,4.42,69.23,6.11,94.44,7.13,80.95,23.43,82.61,1.7,80.0,15.01,42.44,0.05,0.68,0.0,0.0,0.68,50.0,0.68,3.4,90.0,0.68,50.0,0.34,0.0,0.34,0.0,2.38,71.43,0,,0,,0,0,0,0.0,,,0.0,,,0.0,0.0,0.0,0.0,0,0,Scottish Premiership,Striker,4,Monitor
K. Roofe,Rangers,Rangers,"RWF, CF, LWF",28,5000000,2024-05-31,3,112,1,0.37,0,0.0,20.89,42.31,Jamaica,"Jamaica, England",right,178,65,no,2.41,0.8,100.0,7.23,33.33,0.0,0.0,0.0,1.61,2.07,0.0,0,0.0,0,0.0,4.82,0.8,1,0.8,0.3,0,0.0,3,2.41,66.67,33.333,0.0,1.61,50.0,0.0,0.0,1.61,50.0,0.0,3.21,75.0,8.04,50.0,3.21,1.61,0.8,8.84,0.0,0.8,16.88,76.19,4.02,60.0,1.61,100.0,5.63,71.43,13.66,82.35,1.61,50.0,14.62,9.36,0.0,0.0,0.8,0.0,0.0,0.0,0.0,3.21,50.0,1.61,50.0,0.0,0.0,0.0,1.61,3.21,50.0,0,,0,,0,0,0,0.0,,,0.0,,,0.0,0.0,0.0,0.0,0,0,Scottish Premiership,Striker,2,Monitor
F. Sakala,Rangers,Rangers,CF,24,4000000,2025-05-31,2,84,0,0.08,0,0.0,22.5,38.1,Zambia,Zambia,right,178,74,no,5.36,4.29,75.0,2.14,0.0,1.07,2.14,0.0,1.07,2.14,1.07,0,0.0,0,0.0,4.29,0.0,0,0.0,0.09,0,0.0,1,1.07,100.0,0.0,0.0,1.07,0.0,1.07,0.0,0.0,0.0,1.07,4.29,75.0,7.5,42.86,3.21,2.14,1.07,7.5,2.14,1.07,8.57,87.5,2.14,100.0,4.29,100.0,2.14,50.0,7.5,100.0,0.0,0.0,14.96,0.0,0.0,0.0,0.0,0.0,0.0,0.0,0.0,1.07,100.0,1.07,0.0,0.0,0.0,0.0,0.0,1.07,100.0,0,,0,,0,0,0,0.0,,,0.0,,,0.0,0.0,0.0,0.0,0,0,Scottish Premiership,Striker,3,Monitor
C. Itten,Greuther Fürth,Rangers,"RWF, CF",24,3500000,2024-05-31,1,16,0,0.0,0,0.0,,,Switzerland,Switzerland,right,189,81,yes,,,,,,,0.0,,,30.0,,0,,0,,,,0,,,0,,0,,,0.0,,,,,,,,,,,,,,,,,,,,,,,,,,,,,,,14.14,0.0,,,,,,,,,,,,,,,,,,0,,0,,0,0,0,,,,,,,,,,,0,0,Scottish Premiership,Striker,0,0
Albian Ajeti,Celtic,Celtic,CF,24,3200000,2024-05-31,1,9,0,0.0,0,0.0,,,Switzerland,"Switzerland, Albania",right,183,78,no,,,,,,,0.0,,,0.0,,0,,0,,,,0,,,0,,0,,,0.0,,,,,,,,,,,,,,,,,,,,,,,,,,,,,,,10.81,0.0,,,,,,,,,,,,,,,,,,0,,0,,0,0,0,,,,,,,,,,,0,0,Scottish Premiership,Striker,0,0
K. Nisbet,Hibernian,Hibernian,"CF, AMF",24,3000000,2024-05-31,2,172,1,0.65,0,0.05,25.64,40.82,Scotland,Scotland,right,180,77,no,4.19,3.66,71.43,6.8,38.46,0.0,0.0,0.0,1.57,2.5,1.05,0,0.0,0,0.0,3.66,0.52,1,0.52,0.34,0,0.0,6,3.14,16.67,16.667,0.0,0.0,0.0,0.0,0.0,0.0,0.0,0.0,2.62,100.0,10.99,38.1,3.66,1.05,0.0,13.6,1.57,1.05,15.7,80.0,4.71,77.78,2.62,80.0,6.8,92.31,13.08,84.0,2.62,60.0,18.13,35.26,0.02,1.05,0.0,0.0,0.52,100.0,0.0,1.57,66.67,1.05,50.0,1.05,50.0,1.05,0.0,2.09,100.0,0,,0,,0,0,0,0.0,,,0.0,,,0.52,0.52,0.0,0.0,0,0,Scottish Premiership,Striker,0,0
K. Furuhashi,Celtic,Celtic,"LW, CF",26,2000000,2025-05-31,4,249,3,3.17,0,0.71,15.54,39.53,Japan,Japan,right,170,63,no,4.7,5.78,43.75,0.72,0.0,0.36,0.75,0.0,1.81,3.75,1.81,0,0.0,0,0.0,5.06,1.08,3,1.08,1.14,0,0.0,12,4.34,58.33,25.0,0.0,3.61,20.0,3.61,20.0,0.0,0.0,0.0,5.42,33.33,6.87,31.58,7.59,0.36,0.72,26.39,1.45,1.45,29.28,75.31,5.78,68.75,9.76,88.89,6.14,52.94,25.66,83.1,0.0,0.0,17.67,0.0,0.26,2.17,0.36,0.0,1.45,0.0,1.45,1.45,100.0,3.61,40.0,1.45,0.0,1.81,0.72,3.98,81.82,0,,0,,0,0,0,0.0,,,0.0,,,0.0,0.0,0.0,0.0,0,0,Scottish Premiership,Striker,0,0
M. Boyle,Hibernian,Hibernian,"RAMF, CF",28,2000000,,5,460,4,2.24,0,1.22,27.0,47.1,Scotland,"Scotland, Australia",right,178,63,no,2.35,2.93,40.0,2.74,21.43,0.0,0.0,0.0,1.17,1.82,0.98,0,0.0,0,0.0,10.96,0.78,2,0.39,0.44,0,0.0,16,3.13,43.75,25.0,0.0,3.52,61.11,0.2,0.0,3.33,64.71,0.39,11.15,63.16,17.8,50.55,4.89,6.07,3.91,15.46,1.76,2.35,20.35,77.88,4.5,47.83,5.28,85.19,8.41,86.05,16.24,80.72,0.59,100.0,17.27,13.96,0.24,1.96,0.0,0.0,0.98,40.0,1.37,2.35,41.67,3.13,75.0,0.59,66.67,2.15,2.35,3.91,90.0,0,,0,,0,0,0,0.0,,,0.0,,,0.0,0.0,0.0,0.59,2,100,Scottish Premiership,Striker,0,0
C. Ramírez,Aberdeen,Aberdeen,CF,30,1000000,2023-05-31,4,311,2,1.34,0,0.04,12.73,25.0,United States,"United States, Colombia",right,188,85,no,2.03,1.45,60.0,3.76,23.08,0.58,1.05,0.0,0.58,1.05,0.58,0,0.0,0,0.0,1.45,0.58,2,0.58,0.39,1,0.29,8,2.32,50.0,25.0,0.0,0.87,33.33,0.29,0.0,0.58,50.0,0.0,0.0,0.0,4.63,12.5,4.05,0.0,0.0,9.84,1.45,0.58,14.18,67.35,1.74,50.0,3.47,83.33,4.92,64.71,13.02,71.11,0.58,50.0,13.64,9.78,0.01,0.29,0.29,0.0,0.29,0.0,0.0,1.74,16.67,0.58,50.0,0.29,0.0,0.29,0.0,0.29,100.0,0,,0,,0,0,0,0.0,,,0.0,,,0.0,0.0,0.0,0.0,0,0,Scottish Premiership,Striker,0,0
C. Doidge,Hibernian,Hibernian,CF,29,900000,2022-05-31,2,138,2,1.07,0,0.03,21.52,30.3,Wales,Wales,right,185,77,no,1.3,1.3,50.0,15.65,33.33,0.65,1.07,0.0,0.0,0.0,0.65,0,0.0,0,0.0,1.96,1.3,2,1.3,0.7,1,0.65,5,3.26,40.0,40.0,0.0,0.65,0.0,0.0,0.0,0.65,0.0,0.0,0.65,100.0,1.3,50.0,5.22,1.3,0.0,11.09,1.96,0.0,10.43,81.25,2.61,75.0,1.96,100.0,3.26,60.0,9.13,92.86,0.65,0.0,14.56,22.27,0.02,0.65,0.0,0.0,0.0,0.0,0.0,0.65,0.0,0.65,0.0,0.0,0.0,0.0,0.0,0.0,0.0,0,,0,,0,0,0,0.0,,,0.0,,,0.0,0.0,0.0,0.0,0,0,Scottish Premiership,Striker,1,Monitor
J. Defoe,Rangers,Rangers,CF,38,800000,2022-05-31,1,14,0,0.0,0,0.0,,,England,"England, St. Lucia",right,171,65,no,,,,,,,0.0,,,0.0,,0,,0,,,,0,,,0,,0,,,0.0,,,,,,,,,,,,,,,,,,,,,,,,,,,,,,,25.14,0.0,,,,,,,,,,,,,,,,,,0,,0,,0,0,0,,,,,,,,,,,0,0,Scottish Premiership,Striker,0,0
T. Watt,Motherwell,Motherwell,"CF, LWF, LAMF",27,750000,2022-05-31,4,306,3,1.83,0,0.04,30.59,32.69,Scotland,Scotland,right,182,87,no,4.41,4.12,57.14,7.35,40.0,0.29,0.38,0.0,1.76,2.25,1.47,0,0.0,0,0.0,4.41,0.88,3,0.88,0.54,2,0.59,9,2.65,66.67,33.333,0.0,1.18,25.0,0.59,0.0,0.59,50.0,0.0,6.76,26.09,12.35,28.57,3.82,0.88,0.59,10.88,1.47,2.06,16.76,64.91,5.0,58.82,2.06,71.43,5.88,70.0,14.12,66.67,1.47,80.0,19.13,49.76,0.01,0.29,0.29,0.0,1.18,50.0,0.0,1.47,60.0,2.06,57.14,1.47,80.0,0.88,0.29,1.47,100.0,0,,0,,0,0,0,0.0,,,0.0,,,0.0,0.0,0.0,0.0,0,0,Scottish Premiership,Striker,0,0
J. Scott,Hibernian,Hibernian,"CF, AMF, LAMF",21,700000,2023-06-30,2,180,0,0.23,0,0.07,25.0,24.0,Scotland,Scotland,right,189,87,yes,2.5,1.0,100.0,7.5,20.0,0.5,0.81,0.0,1.0,1.62,2.0,0,0.0,0,0.0,3.0,0.0,0,0.0,0.11,0,0.0,4,2.0,25.0,0.0,0.0,1.0,100.0,0.5,100.0,0.5,100.0,0.0,3.0,50.0,11.0,27.27,1.0,0.5,0.0,11.0,3.0,1.0,17.5,88.57,3.5,71.43,4.5,100.0,3.0,83.33,16.0,87.5,0.5,100.0,11.74,17.61,0.04,0.5,0.0,0.0,0.0,0.0,0.5,1.0,100.0,1.0,100.0,0.0,0.0,0.0,1.0,3.0,66.67,0,,0,,0,0,0,0.0,,,0.0,,,0.0,0.0,0.0,0.0,0,0,Scottish Premiership,Striker,0,0
L. Shankland,Beerschot-Wilrijk,Dundee United,CF,26,650000,2024-06-30,1,80,0,0.0,0,0.01,27.0,37.5,Scotland,Scotland,right,185,75,no,4.5,7.87,57.14,3.38,66.67,0.0,0.0,0.0,0.0,0.0,4.5,1,1.13,0,0.0,0.0,0.0,0,0.0,0.0,0,0.0,0,0.0,0.0,0.0,0.0,0.0,0.0,0.0,0.0,0.0,0.0,0.0,1.13,0.0,4.5,0.0,0.0,0.0,0.0,12.38,3.38,0.0,14.63,61.54,3.38,33.33,5.63,80.0,2.25,50.0,14.63,61.54,0.0,0.0,13.93,0.0,0.02,1.13,0.0,0.0,0.0,0.0,0.0,0.0,0.0,0.0,0.0,0.0,0.0,0.0,0.0,1.13,0.0,0,,0,,0,0,0,0.0,,,0.0,,,0.0,0.0,0.0,0.0,0,0,Scottish Premiership,Striker,0,0
M. McNulty,Dundee United,Dundee United,CF,28,650000,2022-06-30,2,196,0,0.28,0,0.06,24.34,22.64,Scotland,Scotland,right,178,69,yes,3.21,3.67,37.5,8.72,15.79,0.0,0.0,0.46,1.84,2.4,3.21,1,0.46,0,0.0,2.3,0.0,0,0.0,0.13,0,0.0,2,0.92,100.0,0.0,0.0,0.92,50.0,0.46,0.0,0.0,0.0,0.0,1.38,0.0,7.35,25.0,2.76,0.92,0.46,6.89,0.92,0.92,11.94,80.77,3.21,71.43,4.13,100.0,1.84,75.0,11.02,83.33,0.0,0.0,13.36,0.0,0.03,0.92,0.46,0.0,1.38,66.67,0.0,0.46,100.0,0.46,0.0,0.46,0.0,0.46,0.46,0.46,100.0,0,,0,,0,0,0,0.0,,,0.0,,,0.0,0.0,0.0,0.0,0,0,Scottish Premiership,Striker,5, 
L. Boyce,Hearts,Hearts,CF,30,600000,2023-05-31,4,383,3,3.07,1,0.11,34.54,34.69,Northern Ireland,Northern Ireland,left,183,84,no,5.4,4.93,42.86,8.69,40.54,1.41,1.8,0.23,1.88,2.4,0.7,0,0.0,0,0.0,4.46,0.7,2,0.47,0.72,0,0.0,9,2.11,55.56,33.333,0.23,1.17,40.0,0.23,0.0,0.94,50.0,0.23,5.87,48.0,12.45,35.85,3.52,0.7,0.0,7.99,0.94,1.64,15.51,62.12,3.29,42.86,3.52,66.67,6.11,61.54,13.86,62.71,0.47,100.0,16.13,22.37,0.03,0.7,0.0,0.0,0.23,0.0,0.23,2.35,50.0,1.64,42.86,0.23,0.0,0.47,0.23,1.64,57.14,0,,0,,0,0,0,0.0,,,0.0,,,0.0,0.0,0.0,0.0,2,50,Scottish Premiership,Striker,0,0
E. Brophy,St. Mirren,St. Mirren,CF,25,550000,2022-05-31,4,278,1,0.56,0,0.8,27.19,35.71,Scotland,Scotland,right,175,68,no,4.21,4.53,64.29,4.53,14.29,0.0,0.0,0.32,1.29,1.82,0.97,1,0.32,0,0.0,2.91,0.32,1,0.32,0.18,0,0.0,8,2.59,50.0,12.5,0.0,0.97,0.0,0.32,0.0,0.65,0.0,0.0,2.59,50.0,10.04,35.48,1.94,0.0,0.32,5.5,1.29,1.62,9.71,80.0,2.27,85.71,2.91,77.78,1.94,83.33,8.74,88.89,0.0,0.0,18.75,0.0,0.26,0.65,0.0,0.0,0.65,50.0,0.65,0.65,50.0,0.65,50.0,0.65,50.0,0.65,0.0,1.29,75.0,0,,0,,0,0,0,0.0,,,0.0,,,0.0,0.0,0.0,0.0,0,0,Scottish Premiership,Striker,0,0
G. Middleton,St. Johnstone,St. Johnstone,"AMF, CF",21,550000,2023-05-31,3,199,0,0.24,0,0.41,19.9,52.27,Scotland,Scotland,left,176,68,yes,3.17,2.26,60.0,1.81,50.0,0.0,0.0,0.0,1.81,2.79,0.45,0,0.0,0,0.0,8.59,0.0,0,0.0,0.11,0,0.0,6,2.71,50.0,0.0,0.0,6.33,14.29,3.17,0.0,2.71,16.67,0.45,8.59,73.68,12.21,55.56,4.07,3.62,1.81,14.92,0.9,0.0,22.16,55.1,4.07,33.33,2.71,100.0,6.33,50.0,15.83,71.43,0.45,0.0,19.56,19.66,0.19,1.36,0.0,0.0,0.9,0.0,1.36,1.81,75.0,1.81,25.0,0.9,0.0,0.45,0.9,0.9,0.0,0,,0,,0,0,0,0.0,,,0.0,,,1.81,0.9,0.0,0.9,0,0,Scottish Premiership,Striker,0,0
N. Clark,Dundee United,Dundee United,"CF, LW",30,525000,2023-05-31,4,306,0,0.08,1,0.29,29.71,27.72,Scotland,Scotland,right,178,67,no,1.76,2.94,30.0,8.53,41.38,0.0,0.0,0.0,0.88,0.96,1.18,0,0.0,0,0.0,1.47,0.0,0,0.0,0.02,0,0.0,2,0.59,50.0,0.0,0.29,0.88,0.0,0.0,0.0,0.88,0.0,0.29,1.76,66.67,9.71,24.24,0.59,0.0,0.0,13.53,1.47,2.35,24.41,72.29,4.12,57.14,6.76,86.96,7.65,69.23,23.24,74.68,0.59,50.0,14.72,17.3,0.08,0.88,0.0,0.0,0.29,0.0,0.59,2.35,75.0,2.35,25.0,0.29,100.0,0.88,0.0,2.06,85.71,0,,0,,0,0,0,0.0,,,0.0,,,0.0,0.0,0.0,0.0,0,0,Scottish Premiership,Striker,0,0
S. May,St. Johnstone,St. Johnstone,CF,28,500000,2023-05-31,4,234,0,1.12,0,0.08,19.62,37.25,Scotland,Scotland,right,178,67,no,1.92,1.54,100.0,4.23,27.27,0.0,0.0,0.0,0.38,0.61,0.0,0,0.0,0,0.0,2.31,0.0,0,0.0,0.43,0,0.0,5,1.92,20.0,0.0,0.0,1.92,0.0,0.0,0.0,1.92,0.0,0.0,3.85,50.0,7.31,42.11,6.54,0.0,0.38,11.54,1.92,1.92,15.38,67.5,3.08,37.5,4.62,83.33,2.69,57.14,13.08,76.47,0.38,100.0,19.19,4.13,0.03,0.38,0.0,0.0,1.15,0.0,0.38,1.92,60.0,0.77,50.0,1.15,0.0,0.77,0.0,0.77,0.0,0,,0,,0,0,0,0.0,,,0.0,,,0.0,0.0,0.0,0.0,0,0,Scottish Premiership,Striker,0,0
J. Emmanuel-Thomas,Aberdeen,Aberdeen,"CF, RAMF",30,500000,2023-05-31,4,290,0,0.06,0,0.17,27.62,26.97,England,"England, St. Lucia",left,183,85,no,2.79,0.93,66.67,5.9,26.32,0.0,0.0,0.0,2.17,3.96,0.93,0,0.0,0,0.0,3.41,0.0,0,0.0,0.02,0,0.0,1,0.31,0.0,0.0,0.0,0.62,50.0,0.0,0.0,0.62,50.0,0.31,5.28,52.94,14.59,25.53,1.55,1.86,0.31,17.38,3.1,1.24,29.17,85.11,7.45,70.83,9.31,93.33,7.14,91.3,28.24,86.81,0.31,0.0,16.53,7.48,0.05,0.31,0.31,0.31,0.62,50.0,0.0,4.34,92.86,0.62,100.0,0.93,33.33,0.62,0.31,4.34,85.71,0,,0,,0,0,0,0.0,,,0.31,,,0.0,0.0,0.0,0.0,0,0,Scottish Premiership,Striker,0,0
J. Cummings,Dundee,Dundee,CF,26,500000,2022-05-31,4,311,2,1.94,0,0.09,23.15,33.75,Scotland,"Scotland, Australia",left,178,68,no,3.18,3.47,58.33,4.63,18.75,0.0,0.0,0.0,1.16,1.6,2.6,0,0.0,0,0.0,3.47,0.58,2,0.58,0.56,0,0.0,12,3.47,58.33,16.667,0.0,0.58,50.0,0.29,100.0,0.29,0.0,0.58,2.32,50.0,7.23,40.0,3.18,0.29,0.29,12.44,2.89,0.87,17.65,81.97,1.16,50.0,8.39,89.66,4.92,82.35,16.78,82.76,0.29,100.0,13.12,12.56,0.03,0.58,0.0,0.0,0.29,0.0,0.58,1.16,50.0,0.58,50.0,0.0,0.0,0.0,0.58,0.87,33.33,0,,0,,0,0,0,0.0,,,0.0,,,0.0,0.0,0.0,0.0,0,0,Scottish Premiership,Striker,0,0
R. Callachan,Ross County,Ross County,"AMF, RCMF, CF",28,450000,2023-05-31,5,468,0,0.57,0,0.2,16.92,42.05,England,"England, Scotland",right,178,64,no,6.73,5.38,53.57,2.5,53.85,1.92,1.89,0.0,1.92,1.89,1.73,0,0.0,0,0.0,1.73,0.0,0,0.0,0.11,0,0.0,5,0.96,40.0,0.0,0.0,0.77,75.0,0.19,0.0,0.58,100.0,0.0,2.31,33.33,6.15,31.25,2.12,1.35,0.77,12.69,1.35,0.58,20.38,77.36,5.58,55.17,3.46,88.89,6.73,88.57,18.27,80.0,1.35,42.86,14.86,16.32,0.04,0.58,0.0,0.0,0.19,0.0,0.19,2.12,45.45,0.96,60.0,0.19,0.0,0.38,0.38,1.92,40.0,0,,0,,0,0,0,0.0,,,0.0,,,0.0,0.0,0.0,0.0,0,0,Scottish Premiership,Striker,0,0
C. Kane,St. Johnstone,St. Johnstone,CF,27,425000,2023-05-31,4,161,0,0.46,0,0.09,27.95,36.0,Scotland,Scotland,right,180,76,no,3.35,3.91,42.86,6.71,41.67,0.0,0.0,0.0,1.68,2.73,2.8,0,0.0,0,0.0,1.12,0.0,0,0.0,0.26,0,0.0,2,1.12,0.0,0.0,0.0,1.12,50.0,0.56,100.0,0.56,0.0,0.0,2.24,25.0,7.83,42.86,3.35,0.0,0.0,12.3,1.68,3.91,15.09,62.96,4.47,37.5,1.12,100.0,3.91,57.14,12.3,72.73,1.68,0.0,18.56,22.57,0.05,0.56,0.0,0.0,0.56,0.0,0.0,2.8,40.0,2.24,25.0,1.68,0.0,0.56,0.56,1.68,100.0,0,,0,,0,0,0,0.0,,,0.0,,,0.0,0.0,0.0,0.0,0,0,Scottish Premiership,Striker,0,0
A. Gnanduillet,Hearts,Hearts,CF,29,400000,2022-05-31,3,78,1,0.1,0,0.03,34.62,46.67,France,"France, Côte d'Ivoire",right,193,93,no,5.77,10.38,55.56,8.08,42.86,0.0,0.0,0.0,0.0,0.0,0.0,0,0.0,0,0.0,2.31,1.15,1,1.15,0.11,0,0.0,1,1.15,100.0,100.0,0.0,0.0,0.0,0.0,0.0,0.0,0.0,0.0,2.31,50.0,10.38,22.22,1.15,2.31,1.15,13.85,1.15,1.15,18.46,68.75,4.62,75.0,3.46,100.0,5.77,40.0,18.46,68.75,0.0,0.0,15.51,0.0,0.04,1.15,0.0,1.15,0.0,0.0,0.0,1.15,100.0,2.31,0.0,0.0,0.0,0.0,0.0,0.0,0.0,0,,0,,0,0,0,0.0,,,0.0,,,0.0,0.0,0.0,0.0,0,0,Scottish Premiership,Striker,0,0
C. Main,St. Mirren,St. Mirren,CF,29,400000,2023-05-31,4,345,0,1.35,1,0.22,33.39,31.25,England,England,right,178,67,no,2.09,3.39,46.15,14.35,34.55,0.26,0.37,0.0,0.26,0.37,3.39,2,0.52,0,0.0,1.3,0.0,0,0.0,0.35,0,0.0,8,2.09,37.5,0.0,0.26,0.78,33.33,0.26,0.0,0.52,50.0,0.0,0.0,0.0,7.3,14.29,2.87,0.26,0.26,5.22,0.78,1.83,9.91,78.95,2.87,81.82,3.13,91.67,1.57,100.0,9.13,82.86,0.0,0.0,15.82,0.0,0.06,0.78,0.0,0.0,0.26,100.0,0.52,0.26,100.0,0.52,100.0,0.26,100.0,0.26,0.0,0.52,100.0,0,,0,,0,0,0,0.0,,,0.0,,,0.0,0.0,0.0,0.0,0,0,Scottish Premiership,Striker,0,0
J. Walker,Hearts,Hearts,CF,28,400000,2022-05-31,1,23,0,0.0,0,0.0,,,Scotland,Scotland,right,175,70,no,,,,,,,12.0,,,6.0,,1,,0,,,,0,,,0,,0,,,0.0,,,,,,,,,,,,,,,,,,,,,,,,,,,,,,,17.31,0.0,,,,,,,,,,,,,,,,,,0,,0,,0,0,0,,,,,,,,,,,0,0,Scottish Premiership,Striker,0,0
D. Mackay,Hibernian,Hibernian,"RAMF, CF",20,400000,2025-05-31,2,26,0,0.18,0,0.0,,,Scotland,Scotland,,0,0,no,,,,,,,0.0,,,10.0,,0,,0,,,,0,,,0,,1,,,0.0,,,,,,,,,,,,,,,,,,,,,,,,,,,,,,,26.09,23.15,,,,,,,,,,,,,,,,,,0,,0,,0,0,0,,,,,,,,,,,0,0,Scottish Premiership,Striker,0,0
L. Erwin,St. Mirren,St. Mirren,CF,27,375000,2022-05-31,1,17,0,0.0,0,0.0,,,Scotland,Scotland,right,188,79,no,,,,,,,0.0,,,0.0,,0,,0,,,,0,,,0,,0,,,0.0,,,,,,,,,,,,,,,,,,,,,,,,,,,,,,,8.69,0.0,,,,,,,,,,,,,,,,,,0,,0,,0,0,0,,,,,,,,,,,0,0,Scottish Premiership,Striker,0,0
K. Dennis,St. Mirren,St. Mirren,CF,31,350000,2022-05-31,3,50,0,0.0,0,0.07,18.0,20.0,England,England,left,180,75,no,3.6,1.8,100.0,9.0,20.0,0.0,0.0,0.0,1.8,4.29,1.8,0,0.0,1,1.8,1.8,0.0,0,0.0,0.0,0,0.0,0,0.0,0.0,0.0,0.0,3.6,50.0,1.8,100.0,1.8,0.0,0.0,0.0,0.0,5.4,0.0,3.6,0.0,0.0,12.6,1.8,0.0,19.8,72.73,1.8,100.0,7.2,75.0,7.2,75.0,16.2,77.78,0.0,0.0,13.51,0.0,0.13,1.8,0.0,0.0,0.0,0.0,1.8,0.0,0.0,3.6,50.0,0.0,0.0,0.0,1.8,1.8,100.0,0,,0,,0,0,0,0.0,,,0.0,,,0.0,0.0,0.0,0.0,0,0,Scottish Premiership,Striker,0,0
D. Mullen,Dundee,Dundee,CF,26,350000,2022-05-31,1,17,0,0.12,0,0.0,,,Scotland,Scotland,right,177,63,no,,,,,,,0.0,,,0.0,,0,,0,,,,0,,,0,,1,,,0.0,,,,,,,,,,,,,,,,,,,,,,,,,,,,,,,11.79,0.0,,,,,,,,,,,,,,,,,,0,,0,,0,0,0,,,,,,,,,,,0,0,Scottish Premiership,Striker,0,0
B. Anderson,Livingston,Livingston,CF,22,350000,2024-05-31,4,286,1,0.5,0,0.33,23.6,20.0,Scotland,Scotland,right,177,77,no,2.2,2.52,25.0,6.92,9.09,0.31,0.4,0.0,1.26,1.6,2.2,0,0.0,0,0.0,0.94,0.31,1,0.31,0.16,1,0.31,4,1.26,25.0,25.0,0.0,0.0,0.0,0.0,0.0,0.0,0.0,0.0,1.26,25.0,6.61,33.33,2.2,0.63,0.63,6.61,3.15,2.52,8.5,81.48,1.57,40.0,2.83,100.0,2.52,87.5,8.5,81.48,0.0,0.0,13.16,0.0,0.11,0.63,0.0,0.0,0.63,50.0,0.63,0.63,100.0,0.94,33.33,0.31,0.0,0.31,0.0,0.31,100.0,0,,0,,0,0,0,0.0,,,0.0,,,0.0,0.0,0.0,0.0,0,0,Scottish Premiership,Striker,0,0
P. Pawlett,Dundee United,Dundee United,"RW, LW, CF",30,350000,2023-05-31,3,257,1,0.26,0,0.71,18.91,46.3,England,"England, Scotland",right,178,68,no,4.2,3.85,54.55,2.45,28.57,0.35,0.41,0.0,1.75,2.05,1.05,2,0.7,1,0.35,4.55,0.35,1,0.35,0.09,0,0.0,2,0.7,50.0,50.0,0.0,1.05,33.33,0.0,0.0,1.05,33.33,0.7,4.55,76.92,8.75,48.0,1.05,0.7,1.75,13.66,0.35,2.45,19.26,76.36,4.9,57.14,4.2,91.67,4.55,76.92,17.16,77.55,1.05,100.0,15.67,31.42,0.25,1.4,0.0,0.0,0.7,50.0,0.0,2.1,50.0,2.8,62.5,0.7,50.0,0.7,0.0,2.8,75.0,0,,0,,0,0,0,0.0,,,0.35,,,1.75,0.0,0.0,4.55,0,0,Scottish Premiership,Striker,0,0
M. O'Halloran,St. Johnstone,St. Johnstone,"CF, RWB",30,350000,2023-05-31,3,130,0,0.18,0,0.04,26.31,39.47,Scotland,Scotland,right,188,79,no,5.54,4.85,71.43,5.54,37.5,0.69,1.15,0.0,1.38,2.31,0.69,0,0.0,0,0.0,5.54,0.0,0,0.0,0.12,0,0.0,4,2.77,50.0,0.0,0.0,2.08,0.0,0.0,0.0,2.08,0.0,0.0,6.92,50.0,11.08,31.25,3.46,4.15,3.46,11.77,0.69,0.0,15.92,65.22,3.46,60.0,3.46,80.0,6.23,55.56,13.15,78.95,1.38,0.0,16.41,36.41,0.03,0.69,0.0,0.0,0.69,100.0,0.0,2.08,66.67,0.69,100.0,0.0,0.0,1.38,0.0,2.08,66.67,0,,0,,0,0,0,0.0,,,0.0,,,0.0,0.0,0.0,0.0,0,0,Scottish Premiership,Striker,0,0
C. Hendry,St. Johnstone,St. Johnstone,CF,23,350000,2022-05-31,3,173,0,0.12,0,0.06,30.17,31.03,England,"England, Scotland",right,182,70,no,3.12,3.64,57.14,8.84,23.53,0.52,0.88,0.0,0.52,0.88,2.6,0,0.0,0,0.0,3.64,0.0,0,0.0,0.06,0,0.0,3,1.56,33.33,0.0,0.0,1.04,100.0,0.0,0.0,1.04,100.0,0.0,5.2,40.0,11.45,40.91,3.64,0.0,0.0,10.92,0.0,2.08,18.73,72.22,4.68,66.67,5.2,80.0,3.64,71.43,16.65,75.0,1.56,33.33,15.48,49.4,0.03,0.52,0.0,0.0,0.0,0.0,0.52,1.04,0.0,1.04,100.0,0.0,0.0,0.52,0.0,1.04,100.0,0,,0,,0,0,0,0.0,,,0.0,,,0.0,0.0,0.0,0.0,0,0,Scottish Premiership,Striker,0,0
J. Gullan,Hibernian,Hibernian,CF,22,350000,2022-05-31,1,11,0,0.0,0,0.0,,,Scotland,Scotland,right,183,75,no,,,,,,,0.0,,,15.0,,0,,0,,,,0,,,0,,0,,,0.0,,,,,,,,,,,,,,,,,,,,,,,,,,,,,,,14.35,0.0,,,,,,,,,,,,,,,,,,0,,0,,0,0,0,,,,,,,,,,,0,0,Scottish Premiership,Striker,0,0
J. White,Ross County,Ross County,CF,29,350000,2022-05-31,5,454,1,0.96,0,0.29,31.92,37.89,Scotland,Scotland,right,194,87,no,2.18,1.78,33.33,13.28,38.81,0.0,0.0,0.0,1.59,1.61,0.4,1,0.2,0,0.0,0.79,0.2,0,0.0,0.19,0,0.0,3,0.59,33.33,33.333,0.0,0.4,50.0,0.2,0.0,0.2,100.0,0.0,0.2,100.0,6.74,35.29,1.39,0.0,0.0,8.33,1.59,1.78,16.06,69.14,5.35,44.44,3.77,84.21,3.96,85.0,15.66,69.62,0.0,0.0,13.69,0.0,0.06,0.2,0.0,0.0,0.4,50.0,0.2,1.78,11.11,0.59,33.33,0.2,100.0,0.4,0.2,0.99,40.0,0,,0,,0,0,0,0.0,,,0.0,,,0.0,0.0,0.0,0.0,1,100,Scottish Premiership,Striker,0,0
K. McAllister,St. Mirren,St. Mirren,CF,22,325000,2022-05-31,1,21,0,0.0,0,0.0,,,Scotland,Scotland,left,178,75,no,,,,,,,0.0,,,0.0,,0,,0,,,,0,,,0,,0,,,0.0,,,,,,,,,,,,,,,,,,,,,,,,,,,,,,,8.52,0.0,,,,,,,,,,,,,,,,,,0,,0,,0,0,0,,,,,,,,,,,0,0,Scottish Premiership,Striker,0,0
O. Shaw,Kilmarnock,Ross County,CF,23,325000,2023-05-31,1,29,0,0.0,0,0.0,,,Scotland,Scotland,right,188,72,no,,,,,,,0.0,,,8.57,,0,,0,,,,0,,,0,,0,,,0.0,,,,,,,,,,,,,,,,,,,,,,,,,,,,,,,8.59,0.0,,,,,,,,,,,,,,,,,,0,,0,,0,0,0,,,,,,,,,,,0,0,Scottish Premiership,Striker,0,0
G. Reilly,Greenock Morton,Livingston,CF,28,300000,2022-05-31,1,26,0,0.0,0,0.0,,,Scotland,Scotland,right,181,73,yes,,,,,,,0.0,,,5.0,,0,,0,,,,0,,,0,,0,,,0.0,,,,,,,,,,,,,,,,,,,,,,,,,,,,,,,23.74,0.0,,,,,,,,,,,,,,,,,,0,,0,,0,0,0,,,,,,,,,,,0,0,Scottish Premiership,Striker,0,0
K. van Veen,Motherwell,Motherwell,CF,30,300000,2023-05-31,3,223,1,1.35,0,0.47,33.5,33.73,Netherlands,Netherlands,right,185,90,no,2.83,2.42,33.33,4.44,36.36,0.4,0.52,0.0,1.61,2.07,2.42,2,0.81,0,0.0,4.84,0.4,1,0.4,0.55,1,0.4,5,2.02,60.0,20.0,0.0,0.4,100.0,0.4,100.0,0.0,0.0,0.4,6.86,41.18,18.57,30.43,2.83,1.21,0.81,8.07,1.61,1.21,18.16,77.78,3.63,55.56,5.25,100.0,6.46,75.0,16.55,78.05,1.21,66.67,14.78,17.24,0.19,0.81,0.0,0.0,0.4,100.0,0.4,2.02,80.0,0.4,100.0,0.4,100.0,0.4,0.4,1.21,100.0,0,,0,,0,0,0,0.0,,,0.0,,,0.4,0.4,0.0,0.0,0,0,Scottish Premiership,Striker,0,0
J. Hamilton,Livingston,Livingston,CF,21,250000,2022-05-31,4,130,0,0.49,0,0.0,38.08,23.64,Scotland,Scotland,right,187,84,no,5.54,2.08,33.33,18.69,33.33,0.0,0.0,0.69,4.85,6.36,2.08,0,0.0,0,0.0,1.38,0.0,0,0.0,0.34,0,0.0,5,3.46,40.0,0.0,0.0,0.0,0.0,0.0,0.0,0.0,0.0,0.0,1.38,0.0,9.69,21.43,3.46,0.0,0.0,4.15,2.77,0.0,4.85,71.43,0.69,0.0,1.38,100.0,0.69,100.0,4.85,71.43,0.0,0.0,7.06,0.0,0.0,0.0,0.0,0.0,0.0,0.0,0.0,0.69,0.0,0.69,100.0,0.0,0.0,2.08,0.0,1.38,50.0,0,,0,,0,0,0,0.0,,,0.0,,,0.0,0.0,0.0,0.0,0,0,Scottish Premiership,Striker,0,0
D. Samuel,Ross County,Ross County,CF,27,250000,2023-05-31,3,104,0,0.17,0,0.06,25.1,34.48,England,"England, Antigua and Barbuda",right,182,69,no,4.33,3.46,50.0,6.92,25.0,0.87,0.97,0.0,1.73,1.94,1.73,1,0.87,0,0.0,3.46,0.0,0,0.0,0.15,0,0.0,1,0.87,100.0,0.0,0.0,0.87,100.0,0.0,0.0,0.87,100.0,0.0,1.73,100.0,9.52,54.55,3.46,0.0,0.0,12.98,0.87,2.6,16.44,84.21,3.46,25.0,5.19,100.0,6.06,100.0,15.58,83.33,0.0,0.0,11.78,0.0,0.05,0.87,0.0,0.0,0.0,0.0,0.0,1.73,0.0,1.73,100.0,0.0,0.0,0.0,0.87,0.87,100.0,0,,0,,0,0,0,0.0,,,0.0,,,0.0,0.0,0.0,0.0,0,0,Scottish Premiership,Striker,0,0
C. Sheridan,Dundee,Dundee,CF,32,200000,2023-05-31,3,134,0,0.31,0,0.18,30.22,31.11,Republic of Ireland,Republic of Ireland,left,196,87,no,2.69,4.03,33.33,12.09,33.33,0.67,0.75,0.0,0.67,0.75,0.67,0,0.0,0,0.0,0.67,0.0,0,0.0,0.21,0,0.0,3,2.01,0.0,0.0,0.0,0.0,0.0,0.0,0.0,0.0,0.0,0.0,1.34,0.0,4.7,14.29,3.36,0.0,0.0,8.73,2.01,2.01,13.43,75.0,1.34,50.0,5.37,87.5,4.03,66.67,13.43,75.0,0.0,0.0,10.67,0.0,0.12,1.34,0.0,0.0,0.67,100.0,1.34,0.0,0.0,1.34,50.0,0.67,100.0,1.34,0.0,2.01,33.33,0,,0,,0,0,0,0.0,,,0.0,,,0.0,0.0,0.0,0.0,0,0,Scottish Premiership,Striker,0,0
J. Hungbo,Ross County,Ross County,"CF, LW",21,100000,2024-06-30,1,26,0,0.0,0,0.0,,,England,England,left,0,0,yes,,,,,,,0.0,,,3.75,,1,,0,,,,0,,,0,,1,,,0.0,,,,,,,,,,,,,,,,,,,,,,,,,,,,,,,18.24,0.0,,,,,,,,,,,,,,,,,,0,,0,,0,0,0,,,,,,,,,,,0,0,Scottish Premiership,Striker,0,0
C. Mochrie,Dundee United,Dundee United,"RW, LW, CF",18,75000,2022-05-31,2,114,0,0.0,0,0.0,10.26,30.77,Scotland,Scotland,right,179,65,no,3.95,3.16,25.0,0.79,0.0,0.0,0.0,0.0,3.16,3.53,0.79,0,0.0,0,0.0,0.79,0.0,0,0.0,0.0,0,0.0,0,0.0,0.0,0.0,0.0,0.0,0.0,0.0,0.0,0.0,0.0,0.0,1.58,50.0,3.95,40.0,0.0,1.58,0.79,14.21,0.0,0.79,22.11,71.43,4.74,50.0,5.53,71.43,10.26,84.62,20.53,73.08,1.58,50.0,14.64,24.33,0.0,0.0,0.0,0.0,0.0,0.0,0.0,3.16,50.0,0.79,0.0,0.79,0.0,0.0,0.0,5.53,71.43,0,,0,,0,0,0,0.0,,,0.0,,,0.0,0.0,0.0,0.0,0,0,Scottish Premiership,Striker,0,0
J. Lundstram,Rangers,Rangers,"RCMF, LCMF",27,7000000,2024-05-31,4,143,0,0.0,0,0.2,13.85,50.0,England,England,right,181,74,no,6.29,5.03,50.0,0.63,0.0,0.0,0.0,0.63,3.78,7.5,1.26,0,0.0,0,0.0,1.89,0.0,0,0.0,0.0,0,0.0,0,0.0,0.0,0.0,0.0,1.89,66.67,0.0,0.0,1.26,50.0,0.0,0.63,0.0,3.15,60.0,1.26,1.26,1.26,52.87,0.63,0.63,69.23,93.64,20.77,93.94,13.22,100.0,22.66,91.67,65.45,96.15,1.89,33.33,16.59,26.27,0.13,1.89,0.0,0.0,0.63,100.0,1.26,11.33,83.33,2.52,100.0,1.89,66.67,1.89,1.26,13.85,86.36,0,,0,,0,0,0,0.0,,,0.0,,,0.0,0.0,0.0,0.0,0,0,Scottish Premiership,Central Midfielders,0,0
C. McGregor,Celtic,Celtic,"DMF, LDMF",28,7000000,2024-05-31,4,353,0,0.33,0,0.44,10.96,53.49,Scotland,Scotland,left,178,67,no,9.18,4.84,73.68,0.51,100.0,0.0,0.0,0.0,5.61,11.38,1.78,0,0.0,0,0.0,0.51,0.0,0,0.0,0.09,0,0.0,6,1.53,16.67,0.0,0.0,0.51,0.0,0.51,0.0,0.0,0.0,0.0,1.02,25.0,4.08,43.75,0.25,1.53,1.78,59.92,0.25,1.02,76.23,91.64,20.65,82.72,12.24,95.83,32.12,97.62,71.64,95.02,4.08,43.75,18.77,42.26,0.11,0.76,0.0,0.25,0.51,0.0,0.51,13.77,83.33,2.29,44.44,1.53,16.67,0.76,0.0,8.16,81.25,0,,0,,0,0,0,0.0,,,1.78,,,0.0,0.0,0.0,0.0,0,0,Scottish Premiership,Central Midfielders,0,0
R. Christie,Bournemouth,Celtic,"RCMF, LWF",26,7000000,2024-06-30,4,298,0,0.75,3,1.76,21.14,41.43,Scotland,Scotland,right,178,79,no,6.64,6.64,40.91,1.21,50.0,0.91,1.88,0.0,3.02,6.25,2.11,0,0.0,0,0.0,6.64,0.0,0,0.0,0.23,0,0.0,9,2.72,33.33,0.0,0.91,3.32,27.27,2.72,22.22,0.6,50.0,0.3,5.13,64.71,9.36,45.16,4.53,2.72,2.11,44.7,0.6,0.3,56.17,85.48,12.68,83.33,12.08,95.0,22.95,82.89,51.04,89.94,2.42,62.5,18.86,46.7,0.53,3.62,0.0,0.0,1.81,83.33,1.51,6.64,95.45,5.44,72.22,1.51,80.0,4.53,0.6,8.76,93.1,0,,0,,0,0,0,0.0,,,0.3,,,0.3,0.3,0.0,2.42,0,0,Scottish Premiership,Central Midfielders,0,0
J. Aribo,Rangers,Rangers,"LCMF, RWF, LWF",25,6500000,2023-05-31,2,161,0,0.37,0,0.17,24.04,41.86,Nigeria,Nigeria,left,183,76,no,3.91,1.12,100.0,5.03,44.44,0.0,0.0,0.0,2.8,6.0,0.0,0,0.0,0,0.0,6.71,0.0,0,0.0,0.2,0,0.0,3,1.68,33.33,0.0,0.0,2.24,50.0,1.68,33.33,0.56,100.0,1.12,5.59,70.0,13.98,40.0,3.35,1.68,0.56,27.95,0.0,2.24,36.89,89.39,11.74,76.19,10.62,100.0,5.03,77.78,33.54,95.0,1.12,0.0,13.88,16.89,0.09,1.12,0.0,0.0,1.12,100.0,0.56,3.35,83.33,4.47,87.5,0.56,100.0,3.91,1.68,3.91,71.43,0,,0,,0,0,0,0.0,,,0.56,,,0.0,0.0,0.0,0.0,0,0,Scottish Premiership,Central Midfielders,5, 
G. Kamara,Rangers,Rangers,"LCMF, RCMF",25,6000000,2023-05-31,4,364,0,0.15,1,0.23,17.31,42.86,Finland,"Finland, Sierra Leone",right,181,78,no,7.91,4.2,58.82,1.73,28.57,1.48,2.37,0.0,3.96,6.32,0.74,0,0.0,0,0.0,0.99,0.0,0,0.0,0.04,0,0.0,2,0.49,0.0,0.0,0.25,0.25,100.0,0.0,0.0,0.25,100.0,0.0,2.23,33.33,7.66,29.03,0.99,2.47,0.99,44.01,0.25,0.99,58.6,92.83,20.52,91.57,7.66,90.32,17.55,97.18,57.36,92.67,0.99,100.0,14.71,19.84,0.06,0.74,0.0,0.25,0.49,0.0,0.49,9.64,92.31,1.24,80.0,0.25,100.0,0.99,0.25,8.65,88.57,0,,0,,0,0,0,0.0,,,0.0,,,0.0,0.0,0.0,0.0,0,0,Scottish Premiership,Central Midfielders,3,Monitor
M. Longstaff,Aberdeen,Aberdeen,LCMF,21,5000000,,1,67,0,0.01,0,0.28,13.43,30.0,England,England,right,171,65,yes,4.03,5.37,25.0,4.03,33.33,0.0,0.0,0.0,2.69,6.67,1.34,0,0.0,0,0.0,2.69,0.0,0,0.0,0.02,0,0.0,1,1.34,100.0,0.0,0.0,1.34,100.0,0.0,0.0,1.34,100.0,1.34,0.0,0.0,2.69,50.0,1.34,0.0,0.0,53.73,0.0,1.34,63.13,93.62,14.78,90.91,9.4,100.0,33.58,96.0,53.73,95.0,8.06,83.33,20.84,50.6,0.38,1.34,0.0,0.0,1.34,0.0,1.34,10.75,87.5,1.34,100.0,0.0,0.0,0.0,1.34,14.78,81.82,0,,0,,0,0,0,0.0,,,0.0,,,0.0,0.0,0.0,0.0,0,0,Scottish Premiership,Central Midfielders,0,0
D. Turnbull,Celtic,Celtic,"LCMF, AMF",22,5000000,2024-05-31,4,332,3,1.47,0,0.63,13.55,38.0,Scotland,Scotland,right,185,75,no,6.23,4.88,55.56,0.54,0.0,0.27,0.56,0.27,3.25,6.67,0.54,1,0.27,0,0.0,4.07,0.81,3,0.81,0.4,0,0.0,16,4.34,50.0,18.75,0.0,0.81,0.0,0.27,0.0,0.54,0.0,0.0,2.71,40.0,4.88,27.78,2.17,3.25,0.54,63.7,0.27,0.54,68.58,90.12,20.87,85.71,14.1,98.08,18.43,91.18,64.25,92.83,3.52,61.54,16.23,36.99,0.17,1.36,0.54,0.0,1.9,42.86,0.54,10.03,75.68,4.34,81.25,2.44,44.44,2.71,0.0,9.76,97.22,0,,0,,0,0,0,0.0,,,0.0,,,1.08,0.27,0.0,5.42,0,0,Scottish Premiership,Central Midfielders,0,0
L. Ferguson,Aberdeen,Aberdeen,"RCMF, LDMF",22,2200000,2024-05-31,3,279,0,0.44,1,0.22,20.0,61.29,Scotland,Scotland,right,181,75,no,8.71,6.45,65.0,1.94,66.67,1.29,2.18,0.32,3.23,5.45,1.29,2,0.65,0,0.0,2.26,0.0,0,0.0,0.14,0,0.0,4,1.29,25.0,0.0,0.32,0.97,33.33,0.32,100.0,0.65,0.0,0.32,2.9,44.44,8.39,53.85,1.61,1.61,0.0,38.71,0.32,4.19,50.65,87.26,12.26,71.05,10.0,96.77,20.97,93.85,45.16,92.86,4.52,42.86,18.94,42.61,0.07,0.97,0.0,0.32,0.32,100.0,0.97,8.39,69.23,3.55,27.27,1.61,40.0,0.65,0.32,4.52,100.0,0,,0,,0,0,0,0.0,,,1.29,,,0.0,0.0,0.0,0.32,0,0,Scottish Premiership,Central Midfielders,1,Monitor
S. Arfield,Rangers,Rangers,"RCMF, RWF",32,2000000,2022-05-31,2,24,1,0.62,0,0.17,,,Canada,Canada,left,178,70,no,,,,,,,0.0,,,0.0,,0,,0,,,,1,,,0,,2,,,50.0,,,,,,,,,,,,,,,,,,,,,,,,,,,,,,,13.22,0.0,,,,,,,,,,,,,,,,,,0,,0,,0,0,0,,,,,,,,,,,0,0,Scottish Premiership,Central Midfielders,0,0
T. Rogić,Celtic,Celtic,"RCMF, AMF",28,1500000,2023-05-31,4,123,1,0.66,1,0.99,19.02,23.08,Australia,"Australia, Serbia",left,188,80,no,1.46,2.2,0.0,0.0,0.0,0.0,0.0,0.0,1.46,4.0,2.2,0,0.0,0,0.0,4.39,0.73,1,0.73,0.48,0,0.0,2,1.46,100.0,50.0,0.73,2.93,0.0,2.2,0.0,0.73,0.0,0.0,8.05,27.27,13.17,16.67,5.85,0.0,0.0,29.27,0.0,0.73,33.66,84.78,13.17,88.89,4.39,83.33,10.24,78.57,30.0,95.12,0.73,0.0,16.36,14.32,0.72,2.93,0.0,0.0,1.46,50.0,2.93,1.46,50.0,7.32,60.0,1.46,50.0,5.85,0.0,4.39,100.0,0,,0,,0,0,0,0.0,,,0.0,,,0.0,0.0,0.0,0.73,0,0,Scottish Premiership,Central Midfielders,0,0
A. McCann,Preston North End,St. Johnstone,"RCMF, LCMF",21,1200000,2025-06-30,4,386,0,0.89,0,0.1,24.95,52.34,Scotland,"Scotland, Northern Ireland",right,176,64,no,11.89,11.42,61.22,3.96,52.94,0.93,1.52,0.0,3.96,6.46,2.33,1,0.23,0,0.0,1.87,0.0,0,0.0,0.21,0,0.0,4,0.93,25.0,0.0,0.0,1.87,50.0,0.7,0.0,1.17,80.0,0.0,1.63,42.86,4.43,36.84,0.93,1.17,0.47,20.05,0.7,1.63,36.84,84.81,14.46,75.81,5.83,100.0,11.19,87.5,30.54,89.31,5.13,63.64,19.66,35.7,0.02,0.93,0.0,0.0,0.0,0.0,0.0,5.83,76.0,1.4,100.0,0.23,0.0,0.7,0.93,7.23,80.65,0,,0,,0,0,0,0.0,,,0.47,,,0.0,0.0,0.0,0.7,1,0,Scottish Premiership,Central Midfielders,0,0
B. Baningime,Hearts,Hearts,"RCMF, LCMF",22,1000000,2024-05-31,4,391,0,0.0,0,0.29,21.64,53.19,Congo DR,"Congo DR, England",right,178,70,no,12.2,9.44,75.61,2.53,36.36,1.15,1.46,0.0,3.91,4.95,0.46,2,0.46,0,0.0,1.15,0.0,0,0.0,0.0,0,0.0,0,0.0,0.0,0.0,0.0,0.23,100.0,0.0,0.0,0.23,100.0,0.0,1.61,57.14,7.14,35.48,0.69,0.46,0.46,17.49,0.46,1.61,28.08,85.25,8.98,64.1,5.52,100.0,9.9,93.02,25.78,88.39,2.3,50.0,17.76,37.32,0.07,0.23,0.23,0.0,0.0,0.0,0.23,3.45,73.33,0.0,0.0,0.23,0.0,0.23,0.0,4.37,52.63,0,,0,,0,0,0,0.0,,,0.92,,,0.0,0.0,0.0,0.0,0,0,Scottish Premiership,Central Midfielders,2,Monitor
S. Davis,Rangers,Rangers,DMF,36,1000000,2022-05-31,4,386,0,0.12,0,0.13,12.12,57.69,Northern Ireland,Northern Ireland,right,173,70,no,9.09,6.06,76.92,1.4,66.67,0.47,0.76,0.23,3.96,6.46,0.23,0,0.0,0,0.0,1.4,0.0,0,0.0,0.03,0,0.0,2,0.47,50.0,0.0,0.0,1.4,33.33,0.23,0.0,1.17,40.0,0.0,1.17,20.0,1.87,25.0,0.93,3.26,0.7,57.12,0.47,0.0,73.68,89.56,28.21,84.3,6.76,96.55,25.18,91.67,64.12,94.55,8.39,58.33,19.28,39.69,0.03,0.47,0.0,0.0,0.47,100.0,0.47,13.99,80.0,4.2,33.33,1.4,16.67,1.63,0.47,15.16,92.31,0,,0,,0,0,0,0.0,,,0.0,,,0.47,0.23,100.0,0.0,0,0,Scottish Premiership,Central Midfielders,0,0
J. McGrath,St. Mirren,St. Mirren,"LCMF, RCMF, AMF",24,900000,2022-05-31,4,383,1,1.52,0,1.18,20.44,48.28,Republic of Ireland,Republic of Ireland,right,175,70,no,6.34,4.46,47.37,3.52,13.33,0.7,0.96,0.47,3.52,4.79,1.17,1,0.23,0,0.0,6.11,0.23,0,0.0,0.36,0,0.0,3,0.7,33.33,33.333,0.0,2.82,50.0,1.17,60.0,1.41,33.33,0.0,5.17,77.27,9.63,70.73,0.94,2.82,1.41,14.57,0.47,2.58,25.61,83.49,6.58,75.0,7.28,93.55,6.58,82.14,20.44,91.95,2.35,50.0,18.02,30.91,0.28,2.35,0.23,0.0,0.94,50.0,0.47,2.82,50.0,2.58,72.73,0.94,25.0,0.7,1.41,3.52,93.33,0,,0,,0,0,0,0.0,,,0.0,,,4.46,0.0,0.0,1.41,1,100,Scottish Premiership,Central Midfielders,0,0
I. Soro,Celtic,Celtic,"RDMF, DMF",23,900000,2024-05-31,3,142,0,0.03,0,0.0,15.85,40.0,Côte d'Ivoire,Côte d'Ivoire,right,173,76,no,6.34,8.24,38.46,2.54,50.0,0.63,1.43,0.0,2.54,5.71,4.44,1,0.63,0,0.0,1.9,0.0,0,0.0,0.02,0,0.0,3,1.9,33.33,0.0,0.0,0.0,0.0,0.0,0.0,0.0,0.0,0.0,1.27,50.0,2.54,50.0,0.0,1.27,0.63,48.17,0.0,0.0,61.48,96.91,15.21,91.67,8.87,100.0,27.25,100.0,61.48,96.91,0.0,0.0,14.98,0.0,0.0,0.63,0.0,0.0,0.63,100.0,0.0,9.51,86.67,0.63,100.0,0.63,100.0,0.63,0.0,4.44,85.71,0,,0,,0,0,0,0.0,,,1.27,,,0.0,0.0,0.0,0.0,0,0,Scottish Premiership,Central Midfielders,0,0
S. Brown,Aberdeen,Aberdeen,"LCMF, DMF, RDMF",36,800000,2023-05-31,4,353,0,0.11,0,0.0,16.83,53.03,Scotland,Scotland,right,165,64,no,6.12,4.33,47.06,3.06,50.0,0.51,0.95,0.25,3.57,6.67,1.53,0,0.0,0,0.0,1.53,0.0,0,0.0,0.03,0,0.0,1,0.25,0.0,0.0,0.0,0.0,0.0,0.0,0.0,0.0,0.0,0.0,1.53,83.33,3.31,61.54,0.25,0.51,0.25,32.12,0.0,1.53,48.19,87.83,13.51,73.58,7.14,96.43,21.16,95.18,44.87,89.77,3.31,61.54,19.2,38.04,0.0,0.0,0.0,0.0,0.25,100.0,0.0,5.35,66.67,0.51,50.0,0.25,0.0,0.25,0.0,5.1,75.0,0,,0,,0,0,0,0.0,,,0.25,,,0.0,0.0,0.0,0.0,0,0,Scottish Premiership,Central Midfielders,0,0
J. Fuchs,Dundee United,Dundee United,"LCMF, RCMF",23,800000,2022-05-31,4,328,0,0.0,0,0.0,26.62,49.48,Cameroon,"Cameroon, France",right,174,70,no,11.8,8.23,60.0,3.29,50.0,0.82,1.02,0.0,6.04,7.5,2.47,1,0.27,0,0.0,1.92,0.0,0,0.0,0.0,0,0.0,0,0.0,0.0,0.0,0.0,1.37,40.0,0.55,50.0,0.82,33.33,0.0,3.29,41.67,8.78,43.75,0.82,0.27,0.0,14.82,0.27,1.37,32.93,70.0,13.99,58.82,4.12,86.67,8.23,86.67,27.71,74.26,4.12,53.33,19.47,37.7,0.0,0.0,0.0,0.0,0.0,0.0,0.0,7.96,48.28,1.37,20.0,0.55,50.0,0.0,0.27,5.49,90.0,0,,0,,0,0,0,0.0,,,0.27,,,0.0,0.0,0.0,0.0,0,0,Scottish Premiership,Central Midfielders,4, 
J. Newell,Hibernian,Hibernian,"LDMF, RDMF, LCMF",28,800000,2023-05-31,3,287,0,0.0,0,0.5,18.5,44.07,England,England,left,180,71,no,10.03,7.21,56.52,1.25,75.0,0.63,0.94,0.63,5.33,7.97,2.51,1,0.31,0,0.0,1.88,0.0,0,0.0,0.0,0,0.0,0,0.0,0.0,0.0,0.0,2.2,0.0,1.57,0.0,0.63,0.0,0.0,2.2,57.14,6.9,36.36,0.63,1.57,0.94,22.89,0.31,0.63,39.2,85.6,12.54,77.5,6.9,100.0,15.37,83.67,33.24,89.62,3.76,100.0,19.83,36.12,0.16,1.57,0.0,0.0,1.25,50.0,0.31,4.39,85.71,3.14,30.0,1.57,60.0,1.57,0.0,5.96,89.47,0,,0,,0,0,0,0.0,,,0.63,,,0.31,0.0,0.0,1.88,0,0,Scottish Premiership,Central Midfielders,0,0
D. Wotherspoon,St. Johnstone,St. Johnstone,"LCMF, AMF",31,700000,2023-05-31,3,276,0,0.29,0,0.59,25.43,42.31,Scotland,"Scotland, Canada",right,181,76,no,7.17,4.57,50.0,3.59,18.18,0.33,0.56,0.0,4.57,7.78,1.63,2,0.65,0,0.0,4.57,0.0,0,0.0,0.09,0,0.0,4,1.3,25.0,0.0,0.0,4.89,26.67,3.91,16.67,0.65,50.0,1.63,4.24,61.54,10.76,57.58,1.96,1.63,1.3,19.24,0.65,1.3,37.17,75.44,10.76,72.73,6.2,94.74,10.76,57.58,28.04,90.7,4.57,35.71,20.26,48.94,0.19,0.98,0.0,0.0,0.65,50.0,0.65,5.87,50.0,4.57,28.57,1.3,25.0,0.65,0.98,5.22,81.25,0,,0,,0,0,0,0.0,,,0.33,,,0.33,0.0,0.0,2.61,0,0,Scottish Premiership,Central Midfielders,0,0
D. Levitt,Dundee United,Dundee United,RCMF,20,650000,2022-06-30,2,152,0,0.09,0,0.0,18.95,43.75,Wales,Wales,right,178,74,yes,5.92,8.29,42.86,2.96,60.0,0.0,0.0,0.0,2.37,3.0,2.37,1,0.59,0,0.0,1.78,0.0,0,0.0,0.05,0,0.0,2,1.18,100.0,0.0,0.0,0.59,0.0,0.0,0.0,0.59,0.0,0.0,0.59,100.0,2.96,20.0,0.0,0.0,0.0,24.87,0.0,0.59,40.86,73.91,15.39,57.69,7.11,91.67,10.66,88.89,35.53,81.67,4.74,25.0,20.67,46.38,0.0,0.0,0.0,0.0,0.0,0.0,0.0,8.88,60.0,1.18,0.0,0.59,0.0,0.0,0.0,8.29,50.0,0,,0,,0,0,0,0.0,,,0.0,,,0.0,0.0,0.0,0.0,0,0,Scottish Premiership,Central Midfielders,0,0
S. Wright,Rangers,Rangers,"RWF, RCMF",24,600000,2025-05-31,2,93,1,0.29,0,0.0,15.48,56.25,Scotland,Scotland,right,175,65,no,4.84,4.84,80.0,0.97,0.0,0.0,0.0,0.0,0.97,2.73,0.97,0,0.0,0,0.0,8.71,0.97,1,0.97,0.28,0,0.0,3,2.9,66.67,33.333,0.0,5.81,33.33,0.0,0.0,5.81,33.33,0.0,4.84,80.0,6.77,71.43,4.84,2.9,4.84,33.87,0.97,0.0,41.61,76.74,14.52,73.33,6.77,71.43,10.65,72.73,34.84,83.33,0.97,100.0,15.21,23.07,0.0,0.0,0.0,0.0,1.94,50.0,0.0,4.84,100.0,3.87,50.0,1.94,50.0,2.9,1.94,7.74,62.5,0,,0,,0,0,0,0.0,,,0.0,,,0.0,0.0,0.0,0.0,0,0,Scottish Premiership,Central Midfielders,0,0
M. O'Hara,Motherwell,Motherwell,"LCMF, RCMF",25,600000,2022-05-31,2,199,0,0.18,0,0.04,11.31,52.0,Scotland,Scotland,right,183,73,no,2.71,1.81,50.0,2.71,83.33,0.0,0.0,0.45,1.81,2.26,0.45,0,0.0,0,0.0,1.36,0.0,0,0.0,0.08,0,0.0,1,0.45,0.0,0.0,0.0,2.71,33.33,0.45,0.0,2.26,40.0,1.36,0.45,0.0,2.71,16.67,0.45,0.0,0.0,8.14,0.9,0.45,17.64,66.67,2.26,40.0,6.33,100.0,6.78,53.33,13.12,75.86,1.81,50.0,19.7,37.21,0.02,0.45,0.45,0.0,0.45,100.0,0.45,0.9,0.0,3.17,42.86,0.45,100.0,0.9,0.9,1.81,75.0,0,,0,,0,0,0,0.0,,,0.0,,,0.0,0.0,0.0,0.0,0,0,Scottish Premiership,Central Midfielders,0,0
L. Donnelly,Motherwell,Motherwell,DMF,25,600000,2022-05-31,2,169,0,0.02,0,0.0,13.85,42.31,Northern Ireland,Northern Ireland,right,181,79,no,10.65,6.92,46.15,0.53,0.0,1.07,1.36,0.0,6.39,8.18,2.13,0,0.0,0,0.0,0.0,0.0,0,0.0,0.01,0,0.0,1,0.53,0.0,0.0,0.0,0.0,0.0,0.0,0.0,0.0,0.0,0.0,0.53,0.0,3.2,33.33,0.0,0.53,0.53,14.91,0.0,0.53,28.22,86.79,4.26,50.0,6.92,92.31,12.78,91.67,23.96,93.33,4.26,50.0,19.46,27.74,0.0,0.0,0.0,0.0,0.0,0.0,0.0,3.73,71.43,0.53,100.0,0.0,0.0,0.53,0.0,2.13,75.0,0,,0,,0,0,0,0.0,,,1.07,,,0.0,0.0,0.0,0.0,0,0,Scottish Premiership,Central Midfielders,0,0
I. Harkes,Dundee United,Dundee United,"RCMF, LCMF, LW",26,500000,2022-05-31,3,234,0,0.25,0,0.21,15.77,58.54,England,"England, United States",right,180,73,no,9.62,6.15,81.25,3.46,55.56,0.77,0.85,0.0,3.85,4.23,0.77,0,0.0,0,0.0,1.92,0.0,0,0.0,0.1,0,0.0,3,1.15,66.67,0.0,0.0,1.54,25.0,0.77,0.0,0.77,50.0,0.0,0.77,100.0,2.69,57.14,1.54,0.0,0.0,17.31,0.38,0.38,28.46,77.03,6.54,58.82,4.23,81.82,11.54,90.0,24.62,85.94,2.69,28.57,19.14,21.26,0.08,1.92,0.0,0.0,0.77,0.0,0.38,3.85,70.0,1.15,33.33,0.0,0.0,0.0,0.0,3.85,70.0,0,,0,,0,0,0,0.0,,,0.0,,,0.38,0.0,0.0,1.54,0,0,Scottish Premiership,Central Midfielders,0,0
A. Gogić,Hibernian,Hibernian,"LDMF, RCMF",27,500000,2022-05-31,3,200,0,0.74,0,0.11,23.85,56.6,Cyprus,"Cyprus, Serbia",right,185,83,no,9.9,10.8,62.5,5.4,66.67,0.45,0.67,0.45,2.7,4.0,2.25,0,0.0,0,0.0,0.9,0.0,0,0.0,0.33,0,0.0,3,1.35,33.33,0.0,0.0,0.0,0.0,0.0,0.0,0.0,0.0,0.0,0.9,50.0,4.05,44.44,0.45,0.0,0.0,12.15,0.0,0.45,21.6,68.75,7.65,52.94,3.6,87.5,7.2,81.25,18.9,71.43,2.7,50.0,19.62,22.31,0.05,0.45,0.0,0.0,0.45,0.0,0.0,3.6,62.5,0.45,0.0,0.0,0.0,0.45,0.0,2.7,50.0,0,,0,,0,0,0,0.0,,,0.9,,,0.0,0.0,0.0,0.0,0,0,Scottish Premiership,Central Midfielders,0,0
C. MacPherson,St. Johnstone,St. Mirren,RCMF,22,475000,2022-05-31,2,65,0,0.05,0,0.0,13.85,40.0,Scotland,Scotland,right,173,70,yes,9.69,4.15,66.67,1.38,100.0,1.38,1.67,0.0,5.54,6.67,0.0,0,0.0,0,0.0,1.38,0.0,0,0.0,0.07,0,0.0,1,1.38,0.0,0.0,0.0,0.0,0.0,0.0,0.0,0.0,0.0,0.0,2.77,50.0,5.54,25.0,1.38,1.38,1.38,22.15,0.0,1.38,41.54,60.0,12.46,22.22,9.69,71.43,9.69,57.14,37.38,66.67,4.15,0.0,17.4,22.85,0.0,0.0,0.0,0.0,1.38,0.0,0.0,8.31,33.33,2.77,0.0,2.77,0.0,0.0,0.0,8.31,16.67,0,,0,,0,0,0,0.0,,,0.0,,,1.38,0.0,0.0,0.0,0,0,Scottish Premiership,Central Midfielders,0,0
C. Butcher,Dundee United,Dundee United,"DMF, LCMF",30,450000,2023-05-31,3,234,0,0.26,0,0.0,14.62,60.53,England,England,right,185,83,no,10.38,7.69,55.0,3.08,75.0,1.92,2.11,0.77,4.23,4.65,3.46,2,0.77,0,0.0,1.54,0.0,0,0.0,0.1,0,0.0,4,1.54,50.0,0.0,0.0,0.38,0.0,0.0,0.0,0.38,0.0,0.38,1.15,66.67,2.31,66.67,0.77,1.15,0.0,17.69,0.0,0.77,30.0,78.21,13.08,67.65,3.46,88.89,11.54,86.67,25.38,86.36,4.23,36.36,20.95,34.22,0.0,0.0,0.0,0.0,0.38,0.0,0.0,7.31,63.16,0.38,0.0,0.77,0.0,0.38,0.0,7.31,68.42,0,,0,,0,0,0,0.0,,,1.92,,,0.0,0.0,0.0,0.0,0,0,Scottish Premiership,Central Midfielders,0,0
S. Pittman,Livingston,Livingston,RCMF,29,450000,2023-05-31,3,293,0,0.66,0,0.0,15.36,44.0,Scotland,"Scotland, United States",right,177,62,no,5.22,3.99,69.23,3.69,41.67,0.31,0.38,0.0,2.15,2.69,0.61,1,0.31,0,0.0,0.61,0.0,0,0.0,0.2,0,0.0,2,0.61,50.0,0.0,0.0,0.0,0.0,0.0,0.0,0.0,0.0,0.0,0.0,0.0,3.38,18.18,0.92,0.61,0.31,8.6,0.31,0.92,15.36,86.0,4.91,68.75,1.84,100.0,5.53,100.0,14.13,91.3,1.23,25.0,15.64,9.12,0.0,0.0,0.0,0.0,0.31,100.0,0.0,1.54,60.0,0.0,0.0,0.0,0.0,0.0,0.0,1.54,20.0,0,,0,,0,0,0,0.0,,,0.61,,,0.0,0.0,0.0,0.0,0,0,Scottish Premiership,Central Midfielders,0,0
G. Kiltie,St. Mirren,St. Mirren,"RCMF, RW, LCMF",24,450000,2023-05-31,3,146,0,0.01,0,0.0,16.03,50.0,Scotland,Scotland,right,178,70,no,3.08,1.85,66.67,3.08,40.0,0.0,0.0,0.0,1.85,2.43,0.62,0,0.0,0,0.0,2.47,0.0,0,0.0,0.0,0,0.0,1,0.62,0.0,0.0,0.0,3.08,0.0,0.0,0.0,3.08,0.0,0.0,3.7,66.67,8.63,42.86,3.08,1.23,0.62,11.71,0.62,0.62,22.81,75.68,3.08,60.0,4.32,100.0,8.01,92.31,19.11,90.32,1.23,0.0,22.92,16.68,0.0,0.0,0.0,0.0,0.62,0.0,0.0,0.62,0.0,1.23,100.0,0.62,0.0,0.62,0.0,1.85,33.33,0,,0,,0,0,0,0.0,,,0.0,,,0.0,0.0,0.0,0.0,0,0,Scottish Premiership,Central Midfielders,0,0
E. Erhahon,St. Mirren,St. Mirren,"LCMF, RCMF",20,450000,2023-05-31,3,263,0,0.0,0,0.0,16.43,37.5,Scotland,"Scotland, Nigeria",left,178,69,no,8.9,6.16,38.89,1.37,0.0,0.34,0.43,0.68,6.16,7.83,2.05,1,0.34,1,0.34,1.03,0.0,0,0.0,0.0,0,0.0,0,0.0,0.0,0.0,0.0,0.68,50.0,0.68,50.0,0.0,0.0,0.0,1.71,40.0,6.16,38.89,0.0,1.03,0.0,9.24,0.34,1.03,24.98,83.56,12.32,75.0,2.4,100.0,7.19,85.71,20.87,91.8,3.42,40.0,19.86,37.68,0.0,0.0,0.0,0.0,0.0,0.0,0.0,4.45,61.54,0.68,50.0,0.68,0.0,0.0,0.34,3.08,66.67,0,,0,,0,0,0,0.0,,,0.0,,,0.0,0.0,0.0,0.0,0,0,Scottish Premiership,Central Midfielders,0,0
R. Callachan,Ross County,Ross County,"AMF, RCMF, CF",28,450000,2023-05-31,5,468,0,0.57,0,0.2,16.92,42.05,England,"England, Scotland",right,178,64,no,6.73,5.38,53.57,2.5,53.85,1.92,1.89,0.0,1.92,1.89,1.73,0,0.0,0,0.0,1.73,0.0,0,0.0,0.11,0,0.0,5,0.96,40.0,0.0,0.0,0.77,75.0,0.19,0.0,0.58,100.0,0.0,2.31,33.33,6.15,31.25,2.12,1.35,0.77,12.69,1.35,0.58,20.38,77.36,5.58,55.17,3.46,88.89,6.73,88.57,18.27,80.0,1.35,42.86,14.86,16.32,0.04,0.58,0.0,0.0,0.19,0.0,0.19,2.12,45.45,0.96,60.0,0.19,0.0,0.38,0.38,1.92,40.0,0,,0,,0,0,0,0.0,,,0.0,,,0.0,0.0,0.0,0.0,0,0,Scottish Premiership,Central Midfielders,0,0
A. Shinnie,Livingston,Livingston,"RCMF, LCMF, RDMF",32,400000,2023-05-31,2,166,0,0.0,0,0.2,20.6,44.74,Scotland,Scotland,right,181,70,no,6.51,5.42,80.0,3.25,33.33,0.54,0.81,0.0,1.63,2.43,1.63,1,0.54,0,0.0,1.08,0.0,0,0.0,0.0,0,0.0,0,0.0,0.0,0.0,0.0,1.08,0.0,0.0,0.0,1.08,0.0,0.0,2.17,25.0,9.22,35.29,1.08,0.54,1.08,23.86,1.08,2.17,39.04,88.89,9.76,83.33,8.13,100.0,12.47,86.96,37.41,92.75,0.54,0.0,17.14,5.63,0.11,1.08,0.0,0.0,0.54,100.0,1.08,4.34,75.0,1.63,33.33,0.54,100.0,1.08,0.0,4.34,87.5,0,,0,,0,0,0,0.0,,,0.0,,,0.54,0.0,0.0,1.08,0,0,Scottish Premiership,Central Midfielders,0,0
J. Holt,Livingston,Livingston,"DMF, LCMF",28,400000,2022-05-31,4,392,0,0.02,0,0.03,18.14,51.9,Scotland,Scotland,left,164,65,no,9.41,8.72,47.37,2.53,54.55,1.15,1.43,0.0,4.13,5.14,2.53,0,0.0,0,0.0,0.23,0.0,0,0.0,0.0,0,0.0,1,0.23,0.0,0.0,0.0,0.92,0.0,0.46,0.0,0.46,0.0,0.0,0.23,100.0,1.84,62.5,0.46,1.61,2.3,17.45,0.0,1.61,33.06,82.64,10.56,65.22,5.05,95.45,10.79,93.62,28.7,88.0,3.44,60.0,17.54,31.77,0.01,0.23,0.0,0.0,0.0,0.0,0.0,4.36,73.68,2.07,55.56,0.23,100.0,0.69,0.0,4.59,60.0,0,,0,,0,0,0,0.0,,,0.69,,,0.23,0.0,0.0,0.0,0,0,Scottish Premiership,Central Midfielders,0,0
C. Sibbald,Livingston,Livingston,"LCMF, RWF",26,400000,2022-05-31,4,222,0,0.0,0,0.08,18.65,52.17,Scotland,Scotland,left,170,63,no,10.95,9.32,60.87,2.84,42.86,1.62,1.94,0.81,3.65,4.35,2.43,2,0.81,0,0.0,0.81,0.0,0,0.0,0.0,0,0.0,1,0.41,0.0,0.0,0.0,0.81,50.0,0.81,50.0,0.0,0.0,0.0,0.41,0.0,2.84,28.57,0.81,0.81,0.0,10.95,0.41,0.81,19.86,79.59,7.3,61.11,4.86,91.67,5.27,100.0,15.41,84.21,3.65,66.67,22.09,35.13,0.03,0.41,0.0,0.0,0.41,100.0,0.41,3.65,66.67,0.81,100.0,0.81,100.0,0.0,0.41,2.84,85.71,0,,0,,0,0,0,0.0,,,0.41,,,0.41,0.0,0.0,0.41,0,0,Scottish Premiership,Central Midfielders,0,0
L. Grimshaw,Motherwell,Motherwell,"RCMF, RB",26,400000,2022-05-31,2,199,1,0.69,0,0.09,15.83,57.14,England,England,right,181,82,no,6.78,7.69,41.18,1.81,50.0,0.45,0.57,0.0,3.17,3.96,1.81,1,0.45,0,0.0,3.17,0.45,1,0.45,0.31,0,0.0,1,0.45,100.0,100.0,0.0,1.36,33.33,0.0,0.0,1.36,33.33,0.0,1.36,100.0,3.17,71.43,0.45,2.26,1.36,10.85,0.45,0.0,21.71,77.08,9.95,63.64,2.71,100.0,6.33,85.71,15.83,91.43,4.52,40.0,23.7,38.92,0.04,0.45,0.0,0.0,0.9,100.0,0.0,4.52,50.0,1.81,75.0,0.9,50.0,0.9,0.45,5.43,100.0,0,,0,,0,0,0,0.0,,,0.0,,,0.0,0.0,0.0,0.0,0,0,Scottish Premiership,Central Midfielders,0,0
C. McCarthy,St. Mirren,St. Mirren,"RCMF, RCB",23,400000,2022-05-31,2,187,0,0.0,0,0.0,19.25,47.5,Republic of Ireland,Republic of Ireland,right,184,75,no,9.14,6.26,53.85,6.74,42.86,0.0,0.0,0.0,5.78,6.55,1.44,0,0.0,0,0.0,0.48,0.0,0,0.0,0.0,0,0.0,0,0.0,0.0,0.0,0.0,0.0,0.0,0.0,0.0,0.0,0.0,0.0,0.96,50.0,4.33,44.44,0.48,0.0,0.48,13.48,0.48,0.96,25.51,81.13,6.26,53.85,3.85,100.0,12.03,96.0,21.18,84.09,4.33,66.67,19.29,36.21,0.0,0.48,0.0,0.0,0.0,0.0,0.0,3.37,85.71,0.0,0.0,0.0,0.0,0.0,0.0,4.33,44.44,0,,0,,0,0,0,0.0,,,2.41,,,0.0,0.0,0.0,0.0,0,0,Scottish Premiership,Central Midfielders,0,0
A. Halliday,Hearts,Hearts,"LWB, LCMF",29,400000,2022-05-31,4,354,1,0.12,0,0.02,16.78,42.42,Scotland,Scotland,left,181,77,no,8.39,7.37,34.48,2.29,44.44,0.51,0.64,0.51,5.34,6.7,1.53,2,0.51,0,0.0,2.54,0.25,1,0.25,0.03,0,0.0,4,1.02,50.0,25.0,0.0,2.8,36.36,2.8,36.36,0.0,0.0,0.0,1.27,80.0,2.8,45.45,1.02,1.02,0.25,22.12,1.02,1.53,27.46,77.78,8.14,71.88,6.61,100.0,8.39,69.7,21.1,86.75,3.56,57.14,23.56,41.51,0.0,0.25,0.0,0.0,0.25,0.0,0.25,6.86,70.37,3.31,46.15,1.27,0.0,0.76,1.02,7.37,93.1,0,,0,,0,0,0,0.0,,,0.25,,,0.0,0.0,0.0,0.0,0,0,Scottish Premiership,Central Midfielders,0,0
C. Adam,Dundee,Dundee,LCMF,35,400000,2022-05-31,4,258,0,0.32,1,0.35,21.98,38.1,Scotland,Scotland,left,185,83,no,6.28,5.93,41.18,5.58,43.75,0.7,0.86,0.0,3.14,3.86,2.44,2,0.7,0,0.0,2.09,0.0,0,0.0,0.11,0,0.0,3,1.05,33.33,0.0,0.35,1.4,25.0,1.4,25.0,0.0,0.0,0.7,2.79,50.0,5.93,47.06,0.35,1.74,0.0,19.19,0.35,2.09,36.98,60.38,20.58,45.76,3.14,88.89,11.16,78.13,23.02,78.79,12.56,30.56,25.36,40.43,0.12,1.4,0.0,0.35,0.35,0.0,0.35,12.91,40.54,4.53,15.38,1.05,0.0,0.35,0.35,8.02,69.57,0,,0,,0,0,0,0.0,,,0.7,,,3.14,0.0,0.0,0.7,0,0,Scottish Premiership,Central Midfielders,0,0
H. Paton,Ross County,Ross County,"LDMF, RDMF, RCMF",23,400000,2022-05-31,4,203,0,0.25,0,0.0,28.37,53.13,Canada,"Canada, England",right,175,70,no,12.86,14.19,62.5,1.33,33.33,0.89,0.87,0.44,3.1,3.04,3.99,1,0.44,0,0.0,3.55,0.0,0,0.0,0.11,0,0.0,2,0.89,100.0,0.0,0.0,0.89,0.0,0.89,0.0,0.0,0.0,0.0,4.88,54.55,9.31,47.62,0.44,1.33,1.33,13.3,0.0,1.33,23.5,81.13,7.98,72.22,2.22,100.0,7.98,88.89,21.72,85.71,0.89,50.0,15.5,14.6,0.0,0.0,0.0,0.0,0.0,0.0,0.0,3.99,66.67,0.89,50.0,0.0,0.0,0.0,0.0,2.66,83.33,0,,0,,0,0,0,0.0,,,0.0,,,0.44,0.0,0.0,0.0,0,0,Scottish Premiership,Central Midfielders,0,0
B. Maguire,Motherwell,Motherwell,"LCMF, LDMF",23,350000,2022-05-31,2,193,0,0.11,0,0.0,20.98,37.78,Scotland,Scotland,right,189,77,no,7.93,8.86,42.11,0.93,0.0,1.87,2.4,0.0,2.33,3.0,2.33,0,0.0,0,0.0,1.87,0.0,0,0.0,0.05,0,0.0,1,0.47,0.0,0.0,0.0,0.47,0.0,0.47,0.0,0.0,0.0,0.0,2.33,60.0,6.99,40.0,0.47,0.0,0.0,11.66,0.47,1.4,27.98,73.33,11.66,56.0,4.2,88.89,7.46,93.75,25.18,75.93,2.33,60.0,18.14,47.93,0.0,0.0,0.0,0.0,0.47,100.0,0.0,6.53,57.14,1.4,33.33,0.47,0.0,0.0,0.0,5.6,66.67,0,,0,,0,0,0,0.0,,,1.4,,,1.87,0.0,0.0,2.8,0,0,Scottish Premiership,Central Midfielders,0,0
A. Power,St. Mirren,St. Mirren,DMF,33,350000,2022-05-31,3,215,0,0.0,0,0.0,20.09,54.17,Republic of Ireland,Republic of Ireland,right,178,73,no,11.3,6.7,62.5,2.51,50.0,2.51,3.91,1.26,4.6,7.17,1.26,0,0.0,1,0.42,1.26,0.0,0,0.0,0.0,0,0.0,0,0.0,0.0,0.0,0.0,0.0,0.0,0.0,0.0,0.0,0.0,0.0,2.09,60.0,6.7,37.5,0.0,0.0,0.0,14.23,0.0,1.67,30.14,81.94,11.3,70.37,0.84,50.0,12.56,90.0,23.86,94.74,6.28,33.33,20.38,23.13,0.0,0.0,0.0,0.0,0.0,0.0,0.0,10.47,64.0,1.67,25.0,1.26,0.0,0.0,0.0,5.86,78.57,0,,0,,0,0,0,0.0,,,0.0,,,0.0,0.0,0.0,0.0,0,0,Scottish Premiership,Central Midfielders,0,0
P. Haring,Hearts,Hearts,"LCMF, RCMF",28,350000,2022-05-31,4,322,0,0.17,0,0.17,25.16,55.56,Austria,Austria,right,187,85,no,9.78,10.06,63.89,4.47,43.75,1.4,2.05,0.0,1.96,2.88,2.52,2,0.56,0,0.0,1.12,0.0,0,0.0,0.05,0,0.0,2,0.56,0.0,0.0,0.0,0.84,66.67,0.28,100.0,0.56,50.0,0.0,1.4,40.0,4.19,53.33,1.12,0.28,0.0,28.51,0.28,2.24,43.88,81.53,11.18,55.0,7.55,88.89,19.29,92.75,39.13,85.71,4.47,43.75,20.4,30.69,0.05,0.56,0.0,0.0,0.0,0.0,0.0,7.27,76.92,0.84,66.67,0.0,0.0,0.56,0.28,7.27,76.92,0,,0,,0,0,0,0.0,,,1.4,,,0.0,0.0,0.0,0.0,0,0,Scottish Premiership,Central Midfielders,0,0
L. Craig,St. Johnstone,St. Johnstone,"DMF, LCMF",34,350000,2022-05-31,4,203,0,0.72,0,0.35,17.73,62.5,Scotland,Scotland,left,183,82,no,8.42,4.43,60.0,5.76,69.23,0.89,1.46,0.0,4.88,8.05,1.33,2,0.89,0,0.0,1.33,0.0,0,0.0,0.32,0,0.0,4,1.77,0.0,0.0,0.0,0.89,100.0,0.89,100.0,0.0,0.0,0.0,1.33,33.33,3.55,62.5,1.77,0.0,0.44,21.72,0.0,1.77,43.45,79.59,18.62,66.67,3.1,100.0,17.29,84.62,34.58,84.62,8.42,57.89,24.89,28.74,0.16,1.33,0.0,0.0,0.0,0.0,0.0,9.75,63.64,1.77,50.0,0.44,0.0,0.44,0.44,7.98,77.78,0,,0,,0,0,0,0.0,,,0.89,,,2.22,0.0,0.0,3.99,0,0,Scottish Premiership,Central Midfielders,0,0
M. Anderson,Dundee,Dundee,"RCMF, LCMF",20,350000,2023-05-31,3,251,0,0.14,0,0.05,17.93,46.0,Scotland,Scotland,,0,0,no,5.38,5.02,57.14,2.87,0.0,0.36,0.57,0.0,2.15,3.4,0.72,0,0.0,1,0.36,1.08,0.0,0,0.0,0.05,0,0.0,1,0.36,0.0,0.0,0.0,0.72,50.0,0.0,0.0,0.72,50.0,0.0,1.79,40.0,6.1,52.94,1.08,0.72,0.36,9.68,0.72,1.08,17.93,76.0,4.3,50.0,3.23,100.0,7.53,76.19,16.49,78.26,0.72,50.0,16.32,32.3,0.02,0.36,0.0,0.0,0.0,0.0,0.36,3.23,77.78,1.43,50.0,0.0,0.0,0.72,0.36,4.66,53.85,0,,0,,0,0,0,0.0,,,0.0,,,0.0,0.0,0.0,0.0,0,0,Scottish Premiership,Central Midfielders,0,0
S. Byrne,Dundee,Dundee,"DMF, RDMF",28,350000,2022-05-31,3,254,0,0.0,0,0.0,18.43,65.38,Scotland,Scotland,right,178,63,no,9.21,6.02,70.59,2.48,71.43,1.42,1.54,0.35,3.54,3.85,0.71,1,0.35,0,0.0,1.06,0.0,0,0.0,0.0,0,0.0,0,0.0,0.0,0.0,0.0,0.0,0.0,0.0,0.0,0.0,0.0,0.0,1.42,75.0,3.9,63.64,0.0,0.0,0.0,13.11,0.0,3.54,25.51,88.89,7.8,81.82,5.67,100.0,7.8,90.91,23.74,91.04,1.77,60.0,17.29,31.83,0.0,0.0,0.0,0.0,0.0,0.0,0.0,2.13,50.0,0.35,100.0,0.35,100.0,0.35,0.0,2.83,75.0,0,,0,,0,0,0,0.0,,,0.71,,,0.0,0.0,0.0,0.0,0,0,Scottish Premiership,Central Midfielders,0,0
J. Tillson,Ross County,Ross County,"DMF, LCMF, LDMF",28,350000,2022-05-31,5,486,0,0.0,0,0.04,12.41,55.22,England,England,right,183,74,no,9.81,7.04,63.16,2.59,71.43,0.37,0.37,1.11,5.0,5.0,0.93,1,0.19,0,0.0,0.19,0.0,0,0.0,0.0,0,0.0,0,0.0,0.0,0.0,0.0,0.0,0.0,0.0,0.0,0.0,0.0,0.0,0.0,0.0,0.0,0.0,0.0,0.19,0.0,10.19,0.0,0.0,22.78,81.3,6.85,62.16,3.15,100.0,7.59,90.24,20.37,85.45,2.41,46.15,16.75,28.03,0.01,0.19,0.0,0.0,0.37,50.0,0.0,3.33,50.0,0.19,100.0,0.19,100.0,0.19,0.0,2.78,60.0,0,,0,,0,0,0,0.0,,,0.19,,,0.0,0.0,0.0,0.0,0,0,Scottish Premiership,Central Midfielders,0,0
K. Magennis,Hibernian,Hibernian,"AMF, RDMF",23,350000,2025-05-31,5,469,2,1.18,1,0.69,20.15,42.86,Scotland,Scotland,right,183,72,no,5.57,5.18,66.67,3.84,30.0,0.38,0.59,0.19,1.73,2.65,0.58,0,0.0,0,0.0,2.3,0.38,2,0.38,0.23,1,0.19,8,1.54,62.5,25.0,0.19,1.54,25.0,0.58,33.33,0.96,20.0,0.0,1.15,66.67,6.91,30.56,3.07,0.77,0.58,15.93,1.54,1.15,25.14,82.44,4.99,61.54,7.87,95.12,6.14,81.25,22.84,89.08,0.96,0.0,14.03,20.0,0.13,0.77,0.0,0.0,0.58,33.33,0.38,1.73,55.56,0.96,20.0,0.38,50.0,0.19,0.58,2.11,54.55,0,,0,,0,0,0,0.0,,,0.19,,,1.92,0.0,0.0,2.88,0,0,Scottish Premiership,Central Midfielders,0,0
S. Goss,Motherwell,Motherwell,LCMF,25,325000,,1,30,0,0.08,0,0.0,,,Germany,"Germany, England",left,177,71,no,,,,,,,0.0,,,7.5,,0,,0,,,,0,,,0,,1,,,0.0,,,,,,,,,,,,,,,,,,,,,,,,,,,,,,,13.08,0.0,,,,,,,,,,,,,,,,,,0,,0,,0,0,0,,,,,,,,,,,0,0,Scottish Premiership,Central Midfielders,0,0
B. Spittal,Ross County,Ross County,"LCMF, RAMF, RW",25,325000,2022-05-31,5,460,0,0.62,0,0.56,16.43,42.86,Scotland,Scotland,right,183,74,no,7.24,5.67,41.38,2.35,66.67,1.17,1.16,0.0,3.72,3.68,1.57,1,0.2,0,0.0,1.96,0.0,0,0.0,0.12,0,0.0,6,1.17,16.67,0.0,0.0,1.96,40.0,0.98,40.0,0.98,40.0,0.39,2.15,45.45,5.09,38.46,0.78,0.2,0.2,16.43,0.98,0.98,26.61,71.32,11.35,58.62,3.91,95.0,7.83,75.0,19.37,80.81,5.28,48.15,23.53,41.34,0.11,1.17,0.0,0.0,0.2,0.0,0.0,7.63,56.41,2.35,58.33,0.2,100.0,0.59,0.98,6.46,63.64,0,,0,,0,0,0,0.0,,,0.0,,,1.57,0.0,0.0,2.54,0,0,Scottish Premiership,Central Midfielders,0,0
J. Doyle-Hayes,Hibernian,Hibernian,"RDMF, LDMF",22,325000,2023-05-31,4,322,0,0.05,0,0.0,18.45,54.55,Republic of Ireland,Republic of Ireland,right,176,68,no,9.5,8.11,51.72,3.63,76.92,0.0,0.0,0.28,5.31,8.51,0.84,0,0.0,0,0.0,1.68,0.0,0,0.0,0.02,0,0.0,3,0.84,0.0,0.0,0.0,0.84,33.33,0.0,0.0,0.84,33.33,0.28,1.12,50.0,2.52,44.44,0.28,0.28,0.84,29.35,0.56,1.4,45.84,86.59,14.25,78.43,8.66,93.55,19.01,89.71,39.69,90.14,5.59,70.0,20.34,30.95,0.0,0.0,0.0,0.0,1.12,75.0,0.0,6.43,69.57,1.96,42.86,0.84,66.67,0.56,0.0,7.27,80.77,0,,0,,0,0,0,0.0,,,0.0,,,0.0,0.0,0.0,0.0,0,0,Scottish Premiership,Central Midfielders,0,0
K. Jacobs,Livingston,Livingston,DMF,31,300000,2022-05-31,1,35,0,0.0,0,0.0,,,South Africa,"South Africa, Scotland",right,170,59,no,,,,,,,0.0,,,12.0,,0,,0,,,,0,,,0,,0,,,0.0,,,,,,,,,,,,,,,,,,,,,,,,,,,,,,,19.65,28.34,,,,,,,,,,,,,,,,,,0,,0,,0,0,0,,,,,,,,,,,0,0,Scottish Premiership,Central Midfielders,0,0
D. McGeouch,Aberdeen,Aberdeen,"RCMF, LCMF",28,300000,2022-05-31,2,119,0,0.0,0,0.25,11.34,46.67,Scotland,Scotland,right,178,69,no,6.81,5.29,57.14,3.03,25.0,0.0,0.0,0.0,3.78,7.5,2.27,0,0.0,0,0.0,0.0,0.0,0,0.0,0.0,0,0.0,0,0.0,0.0,0.0,0.0,0.0,0.0,0.0,0.0,0.0,0.0,0.0,0.0,0.0,2.27,33.33,0.0,0.0,0.0,47.65,0.76,1.51,65.04,91.86,15.13,70.0,10.59,100.0,31.76,100.0,55.97,94.59,9.08,75.0,21.62,21.18,0.19,2.27,0.0,0.0,0.0,0.0,0.0,8.32,81.82,1.51,50.0,0.0,0.0,0.76,0.0,11.34,80.0,0,,0,,0,0,0,0.0,,,2.27,,,1.51,0.0,0.0,1.51,0,0,Scottish Premiership,Central Midfielders,0,0
M. Davidson,St. Johnstone,St. Johnstone,"DMF, RCMF",33,300000,2022-05-31,3,209,0,0.0,0,0.0,25.41,47.46,Scotland,Scotland,right,180,64,no,13.78,6.03,57.14,7.75,38.89,0.86,1.4,0.43,9.47,15.35,1.29,0,0.0,0,0.0,0.43,0.0,0,0.0,0.0,0,0.0,0,0.0,0.0,0.0,0.0,0.0,0.0,0.0,0.0,0.0,0.0,0.0,0.43,100.0,2.58,83.33,0.43,0.0,0.0,9.04,0.0,1.72,27.99,80.0,12.92,73.33,4.31,100.0,6.89,75.0,26.27,81.97,1.72,50.0,16.18,9.12,0.0,0.43,0.0,0.0,0.0,0.0,0.0,5.6,69.23,0.43,100.0,0.0,0.0,0.43,0.0,5.6,69.23,0,,0,,0,0,0,0.0,,,0.86,,,0.0,0.0,0.0,0.0,0,0,Scottish Premiership,Central Midfielders,0,0
D. McDaid,Dundee,Dundee,"LW, LCMF",25,300000,,2,38,0,0.0,0,0.0,,,Scotland,Scotland,right,170,73,no,,,,,,,0.0,,,12.0,,0,,0,,,,0,,,0,,0,,,0.0,,,,,,,,,,,,,,,,,,,,,,,,,,,,,,,26.49,41.96,,,,,,,,,,,,,,,,,,0,,0,,0,0,0,,,,,,,,,,,0,0,Scottish Premiership,Central Midfielders,0,0
J. McGhee,Dundee,Dundee,"LB, RB, RCMF",25,300000,2023-05-31,4,389,0,0.2,0,0.12,16.43,49.3,Scotland,Scotland,right,185,70,no,5.32,3.24,57.14,8.33,41.67,0.46,0.58,0.23,3.01,3.79,0.46,0,0.0,0,0.0,0.23,0.0,0,0.0,0.05,0,0.0,2,0.46,0.0,0.0,0.0,0.46,50.0,0.23,100.0,0.23,0.0,0.0,0.0,0.0,1.16,60.0,0.93,0.46,0.46,10.64,1.16,0.93,21.29,81.52,9.02,71.79,3.7,93.75,5.78,84.0,18.05,84.62,2.78,66.67,19.07,28.06,0.03,0.23,0.23,0.0,0.0,0.0,0.0,3.01,76.92,1.85,50.0,0.0,0.0,0.93,0.23,4.4,73.68,0,,0,,0,0,0,0.0,,,0.93,,,0.0,0.0,0.0,0.0,0,0,Scottish Premiership,Central Midfielders,0,0
P. McGowan,Dundee,Dundee,"LWF, LW, RCMF",33,250000,2022-05-31,4,291,1,0.44,0,0.0,19.48,52.38,Scotland,Scotland,right,170,64,no,5.57,8.04,53.85,2.16,71.43,0.62,0.8,0.0,0.62,0.8,1.24,2,0.62,0,0.0,1.24,0.31,1,0.31,0.14,1,0.31,4,1.24,50.0,25.0,0.0,0.31,0.0,0.31,0.0,0.0,0.0,0.0,1.24,25.0,5.88,57.89,0.93,0.31,0.31,21.03,0.93,2.16,34.02,80.0,8.97,51.72,5.88,94.74,13.3,90.7,30.0,84.54,3.71,50.0,17.1,36.03,0.0,0.31,0.0,0.0,0.31,100.0,0.0,4.64,60.0,2.47,25.0,0.31,100.0,0.31,0.0,3.09,70.0,0,,0,,0,0,0,0.0,,,0.0,,,0.0,0.0,0.0,0.31,0,0,Scottish Premiership,Central Midfielders,0,0
J. Penrice,Livingston,Livingston,"LCMF, LB, LWF",22,200000,2024-05-31,3,294,0,0.01,1,0.65,22.04,45.83,Scotland,Scotland,left,0,0,no,8.57,11.02,44.44,3.67,58.33,0.92,1.0,0.0,2.76,3.0,1.22,2,0.61,0,0.0,1.22,0.0,0,0.0,0.0,0,0.0,1,0.31,0.0,0.0,0.31,1.22,25.0,1.22,25.0,0.0,0.0,0.61,1.53,60.0,3.06,40.0,0.61,0.0,0.31,6.73,0.0,0.31,18.06,72.88,7.04,52.17,3.67,100.0,4.9,87.5,13.78,86.67,3.37,27.27,21.65,44.33,0.2,0.61,0.0,0.0,0.31,0.0,0.61,3.06,50.0,1.22,50.0,0.0,0.0,0.92,0.31,3.98,84.62,0,,0,,0,0,0,0.0,,,1.53,,,0.0,0.0,0.0,0.31,0,0,Scottish Premiership,Central Midfielders,0,0
F. Robertson,Dundee,Dundee,"DMF, LDMF",18,200000,2023-05-31,2,103,0,0.0,0,0.0,12.23,35.71,Scotland,Scotland,,0,0,no,8.74,6.12,57.14,0.0,0.0,1.75,2.22,0.0,3.5,4.44,1.75,0,0.0,0,0.0,0.0,0.0,0,0.0,0.0,0,0.0,0,0.0,0.0,0.0,0.0,1.75,0.0,0.0,0.0,1.75,0.0,0.0,0.0,0.0,2.62,33.33,0.0,0.0,0.0,12.23,0.0,0.87,25.34,79.31,6.12,57.14,5.24,100.0,6.12,100.0,20.97,91.67,2.62,33.33,16.32,39.96,0.0,0.0,0.0,0.0,0.0,0.0,0.0,3.5,75.0,0.0,0.0,0.0,0.0,0.0,0.0,2.62,66.67,0,,0,,0,0,0,0.0,,,1.75,,,0.0,0.0,0.0,0.0,0,0,Scottish Premiership,Central Midfielders,0,0
D. Cancola,Ross County,Ross County,"RCMF, LDMF, LCMF",24,200000,2022-05-31,3,111,0,0.0,0,0.0,19.46,45.83,Austria,Austria,right,183,73,no,11.35,10.54,38.46,3.24,50.0,0.81,0.94,0.81,6.49,7.5,3.24,1,0.81,0,0.0,0.81,0.0,0,0.0,0.0,0,0.0,0,0.0,0.0,0.0,0.0,0.0,0.0,0.0,0.0,0.0,0.0,0.0,0.81,100.0,3.24,75.0,0.0,0.81,0.0,10.54,0.0,1.62,17.03,71.43,4.05,60.0,2.43,100.0,6.49,75.0,13.78,76.47,3.24,50.0,18.74,34.69,0.0,0.0,0.0,0.0,0.0,0.0,0.0,3.24,75.0,0.0,0.0,0.0,0.0,0.0,0.0,2.43,66.67,0,,0,,0,0,0,0.0,,,0.81,,,0.0,0.0,0.0,0.0,0,0,Scottish Premiership,Central Midfielders,0,0
C. Slattery,Motherwell,Motherwell,"DMF, RCMF",22,50000,2024-05-31,4,368,0,0.12,0,0.39,22.5,51.09,England,England,right,175,68,no,9.29,9.05,45.95,2.93,75.0,0.24,0.3,0.73,4.89,6.06,2.45,1,0.24,0,0.0,2.45,0.0,0,0.0,0.03,0,0.0,4,0.98,25.0,0.0,0.0,1.47,50.0,0.0,0.0,1.47,50.0,0.0,2.45,60.0,6.11,56.0,0.73,2.2,0.73,15.65,0.49,2.93,29.84,69.67,11.98,53.06,3.67,93.33,11.25,76.09,22.99,79.79,5.38,31.82,22.87,41.01,0.1,0.73,0.0,0.0,0.73,0.0,0.49,7.34,50.0,1.47,66.67,0.49,50.0,0.73,0.73,6.36,76.92,0,,0,,0,0,0,0.0,,,0.49,,,0.0,0.0,0.0,0.0,0,0,Scottish Premiership,Central Midfielders,0,0
J. Burroughs,Ross County,Ross County,"RB, RCMF",20,50000,2023-06-30,2,122,0,0.04,0,0.0,28.03,39.47,England,"England, Scotland",right,188,78,yes,9.59,11.8,50.0,3.69,20.0,0.74,0.61,0.0,2.95,2.45,2.21,0,0.0,0,0.0,2.21,0.0,0,0.0,0.03,0,0.0,3,2.21,0.0,0.0,0.0,0.74,100.0,0.0,0.0,0.74,100.0,0.74,2.95,50.0,7.38,40.0,1.48,0.74,0.74,5.9,0.0,1.48,9.59,92.31,2.21,66.67,1.48,100.0,3.69,100.0,8.85,91.67,0.0,0.0,13.15,0.0,0.0,0.0,0.0,0.0,0.0,0.0,0.0,0.0,0.0,0.74,100.0,0.0,0.0,0.74,0.74,1.48,50.0,0,,0,,0,0,0,0.0,,,0.0,,,0.0,0.0,0.0,0.0,0,0,Scottish Premiership,Central Midfielders,0,0
T. Jenks,Aberdeen,Aberdeen,"RCMF, LW, AMF",19,0,,2,198,1,0.04,0,0.0,20.45,40.0,England,England,right,192,81,yes,4.09,5.0,63.64,3.64,12.5,0.0,0.0,0.0,0.91,1.5,1.36,0,0.0,0,0.0,1.82,0.45,1,0.45,0.02,0,0.0,1,0.45,100.0,100.0,0.0,1.36,0.0,0.45,0.0,0.45,0.0,0.0,3.18,42.86,5.91,38.46,0.91,0.91,0.0,14.55,0.91,1.82,22.27,77.55,5.45,83.33,3.18,85.71,7.73,76.47,20.0,84.09,0.91,50.0,16.23,23.68,0.0,0.0,0.0,0.0,0.0,0.0,0.0,1.36,100.0,0.0,0.0,0.0,0.0,0.0,0.0,3.64,62.5,0,,0,,0,0,0,0.0,,,0.0,,,0.0,0.0,0.0,0.0,0,0,Scottish Premiership,Central Midfielders,0,0
J. Ayodele-Aribo,Rangers,Rangers,"RCMF, RWF",25,0,,2,181,1,0.1,0,0.22,24.36,42.86,England,England,unknown,0,0,no,8.95,2.49,100.0,5.97,33.33,1.49,1.76,0.5,4.97,5.88,0.5,1,0.5,0,0.0,5.47,0.5,1,0.5,0.05,0,0.0,3,1.49,33.33,33.333,0.0,0.0,0.0,0.0,0.0,0.0,0.0,0.0,5.97,58.33,12.43,36.0,2.98,3.48,0.5,31.33,0.5,0.99,42.76,79.07,13.43,55.56,11.44,100.0,9.45,84.21,40.77,81.71,1.99,25.0,13.71,38.88,0.11,1.49,0.0,0.0,3.48,42.86,0.99,3.48,42.86,1.49,100.0,1.99,50.0,1.99,0.0,7.46,60.0,0,,0,,0,0,0,0.0,,,0.99,,,0.0,0.0,0.0,0.0,0,0,Scottish Premiership,Central Midfielders,0,0
J. Forrest,Celtic,Celtic,"LAMF, LWF, RAMF",30,6000000,2023-05-31,2,123,0,0.17,1,0.09,10.98,60.0,Scotland,Scotland,right,175,67,no,3.66,2.2,100.0,0.73,0.0,0.0,0.0,0.0,1.46,3.33,0.0,0,0.0,0,0.0,6.59,0.0,0,0.0,0.13,0,0.0,1,0.73,100.0,0.0,0.73,4.39,50.0,3.66,40.0,0.73,100.0,2.2,4.39,83.33,8.05,54.55,7.32,0.73,0.73,32.2,0.73,0.0,39.51,81.48,6.59,33.33,15.37,100.0,11.71,87.5,35.12,85.42,0.73,100.0,16.66,25.15,0.07,0.73,0.0,0.0,0.73,0.0,0.73,2.93,75.0,0.73,100.0,0.73,0.0,0.0,1.46,7.32,70.0,0,,0,,0,0,0,0.0,,,0.73,,,0.0,0.0,0.0,0.0,0,0,Scottish Premiership,Winger,4, 
J. Doig,Hibernian,Hibernian,"LB, LWB",19,4000000,2025-05-31,4,384,0,0.0,1,0.14,17.58,48.0,Scotland,Scotland,left,0,0,no,7.97,6.33,55.56,3.05,61.54,0.0,0.0,0.47,4.45,6.79,0.47,1,0.23,0,0.0,2.34,0.0,0,0.0,0.0,0,0.0,0,0.0,0.0,0.0,0.23,3.75,37.5,3.75,37.5,0.0,0.0,0.0,3.52,26.67,5.63,33.33,0.0,1.88,1.88,24.84,1.17,1.17,36.09,75.97,15.7,73.13,6.8,89.66,6.8,72.41,26.25,84.82,6.33,59.26,21.18,34.3,0.03,0.94,0.0,0.0,0.47,0.0,0.94,4.92,66.67,3.28,50.0,0.0,0.0,0.23,1.41,8.67,72.97,0,,0,,0,0,0,0.0,,,0.94,,,0.0,0.0,0.0,0.23,0,0,Scottish Premiership,Winger,0,0
L. Abada,Celtic,Celtic,"RW, RAMF, RWF",19,3000000,2026-05-31,4,351,2,1.39,1,2.13,16.67,47.69,Israel,Israel,right,0,0,no,3.33,4.1,50.0,2.05,12.5,0.0,0.0,0.0,1.28,2.59,1.03,0,0.0,0,0.0,6.92,0.51,2,0.51,0.36,1,0.26,10,2.56,30.0,20.0,0.26,3.59,35.71,0.0,0.0,3.59,35.71,0.77,6.67,61.54,9.23,58.33,5.64,3.33,1.03,25.9,0.77,0.77,31.79,86.29,7.44,89.66,8.46,96.97,9.49,72.97,27.69,93.52,1.28,20.0,15.48,33.29,0.55,3.08,0.0,0.0,0.77,100.0,1.79,1.03,100.0,3.59,64.29,0.77,100.0,3.08,1.28,3.85,100.0,0,,0,,0,0,0,0.0,,,0.0,,,0.0,0.0,0.0,1.28,0,0,Scottish Premiership,Winger,0,0
K. Furuhashi,Celtic,Celtic,"LW, CF",26,2000000,2025-05-31,4,249,3,3.17,0,0.71,15.54,39.53,Japan,Japan,right,170,63,no,4.7,5.78,43.75,0.72,0.0,0.36,0.75,0.0,1.81,3.75,1.81,0,0.0,0,0.0,5.06,1.08,3,1.08,1.14,0,0.0,12,4.34,58.33,25.0,0.0,3.61,20.0,3.61,20.0,0.0,0.0,0.0,5.42,33.33,6.87,31.58,7.59,0.36,0.72,26.39,1.45,1.45,29.28,75.31,5.78,68.75,9.76,88.89,6.14,52.94,25.66,83.1,0.0,0.0,17.67,0.0,0.26,2.17,0.36,0.0,1.45,0.0,1.45,1.45,100.0,3.61,40.0,1.45,0.0,1.81,0.72,3.98,81.82,0,,0,,0,0,0,0.0,,,0.0,,,0.0,0.0,0.0,0.0,0,0,Scottish Premiership,Winger,0,0
M. Boyle,Hibernian,Hibernian,"RAMF, CF",28,2000000,,5,460,4,2.24,0,1.22,27.0,47.1,Scotland,"Scotland, Australia",right,178,63,no,2.35,2.93,40.0,2.74,21.43,0.0,0.0,0.0,1.17,1.82,0.98,0,0.0,0,0.0,10.96,0.78,2,0.39,0.44,0,0.0,16,3.13,43.75,25.0,0.0,3.52,61.11,0.2,0.0,3.33,64.71,0.39,11.15,63.16,17.8,50.55,4.89,6.07,3.91,15.46,1.76,2.35,20.35,77.88,4.5,47.83,5.28,85.19,8.41,86.05,16.24,80.72,0.59,100.0,17.27,13.96,0.24,1.96,0.0,0.0,0.98,40.0,1.37,2.35,41.67,3.13,75.0,0.59,66.67,2.15,2.35,3.91,90.0,0,,0,,0,0,0,0.0,,,0.0,,,0.0,0.0,0.0,0.59,2,100,Scottish Premiership,Winger,1,Recommend
R. Hedges,Aberdeen,Aberdeen,RW,26,800000,2022-05-31,1,98,0,0.25,0,0.0,17.45,36.84,England,"England, Wales",left,185,65,no,7.35,2.76,66.67,1.84,100.0,0.0,0.0,0.0,5.51,10.59,0.0,0,0.0,0,0.0,0.92,0.0,0,0.0,0.23,0,0.0,2,1.84,0.0,0.0,0.0,3.67,0.0,0.92,0.0,2.76,0.0,0.0,2.76,33.33,9.18,20.0,1.84,0.0,0.92,22.04,0.92,0.92,29.39,71.88,4.59,80.0,3.67,75.0,12.86,71.43,24.8,81.48,0.92,100.0,15.04,50.44,0.0,0.0,0.0,0.0,0.0,0.0,0.0,2.76,100.0,1.84,0.0,0.0,0.0,0.0,0.0,1.84,50.0,0,,0,,0,0,0,0.0,,,0.0,,,0.92,0.0,0.0,0.0,0,0,Scottish Premiership,Winger,3,Monitor
T. Watt,Motherwell,Motherwell,"CF, LWF, LAMF",27,750000,2022-05-31,4,306,3,1.83,0,0.04,30.59,32.69,Scotland,Scotland,right,182,87,no,4.41,4.12,57.14,7.35,40.0,0.29,0.38,0.0,1.76,2.25,1.47,0,0.0,0,0.0,4.41,0.88,3,0.88,0.54,2,0.59,9,2.65,66.67,33.333,0.0,1.18,25.0,0.59,0.0,0.59,50.0,0.0,6.76,26.09,12.35,28.57,3.82,0.88,0.59,10.88,1.47,2.06,16.76,64.91,5.0,58.82,2.06,71.43,5.88,70.0,14.12,66.67,1.47,80.0,19.13,49.76,0.01,0.29,0.29,0.0,1.18,50.0,0.0,1.47,60.0,2.06,57.14,1.47,80.0,0.88,0.29,1.47,100.0,0,,0,,0,0,0,0.0,,,0.0,,,0.0,0.0,0.0,0.0,0,0,Scottish Premiership,Winger,0,0
S. Rooney,St. Johnstone,St. Johnstone,RWB,25,750000,2022-05-31,4,386,0,0.03,0,0.71,32.64,48.57,Scotland,Scotland,right,191,80,no,8.86,7.93,67.65,10.73,52.17,0.23,0.38,0.23,3.26,5.32,1.63,2,0.47,0,0.0,3.96,0.0,0,0.0,0.01,0,0.0,3,0.7,0.0,0.0,0.0,3.73,37.5,0.0,0.0,3.73,37.5,0.47,4.43,52.63,6.53,42.86,1.87,1.63,0.47,18.19,2.56,1.63,28.91,66.13,10.73,50.0,6.53,92.86,7.93,67.65,22.62,74.23,2.8,33.33,21.69,45.07,0.17,0.93,0.0,0.0,0.7,33.33,0.7,5.6,50.0,4.2,33.33,0.7,33.33,0.93,1.17,8.16,88.57,0,,0,,0,0,0,0.0,,,0.93,,,0.0,0.0,0.0,0.0,0,0,Scottish Premiership,Winger,0,0
J. Scott,Hibernian,Hibernian,"CF, AMF, LAMF",21,700000,2023-06-30,2,180,0,0.23,0,0.07,25.0,24.0,Scotland,Scotland,right,189,87,yes,2.5,1.0,100.0,7.5,20.0,0.5,0.81,0.0,1.0,1.62,2.0,0,0.0,0,0.0,3.0,0.0,0,0.0,0.11,0,0.0,4,2.0,25.0,0.0,0.0,1.0,100.0,0.5,100.0,0.5,100.0,0.0,3.0,50.0,11.0,27.27,1.0,0.5,0.0,11.0,3.0,1.0,17.5,88.57,3.5,71.43,4.5,100.0,3.0,83.33,16.0,87.5,0.5,100.0,11.74,17.61,0.04,0.5,0.0,0.0,0.0,0.0,0.5,1.0,100.0,1.0,100.0,0.0,0.0,0.0,1.0,3.0,66.67,0,,0,,0,0,0,0.0,,,0.0,,,0.0,0.0,0.0,0.0,0,0,Scottish Premiership,Winger,0,0
J. Hayes,Aberdeen,Aberdeen,"RW, LB, LW",34,600000,2022-05-31,4,176,1,0.22,0,0.0,21.99,51.16,Republic of Ireland,Republic of Ireland,left,173,70,no,9.2,5.11,50.0,3.58,42.86,1.53,2.43,0.51,5.11,8.11,2.05,1,0.51,0,0.0,3.58,0.51,1,0.51,0.11,0,0.0,3,1.53,66.67,33.333,0.0,0.0,0.0,0.0,0.0,0.0,0.0,0.0,3.07,66.67,8.18,68.75,1.02,0.0,0.0,21.99,2.56,5.63,26.08,70.59,8.69,58.82,7.16,78.57,7.67,80.0,22.5,70.45,3.58,71.43,21.12,33.88,0.0,0.0,0.0,0.0,0.51,100.0,0.0,2.56,20.0,0.51,100.0,0.51,100.0,0.0,0.0,4.09,50.0,0,,0,,0,0,0,0.0,,,0.51,,,0.51,0.0,0.0,0.0,0,0,Scottish Premiership,Winger,0,0
L. Smith,Dundee United,Dundee United,RB,25,600000,2023-05-31,4,387,0,0.0,0,0.27,13.02,50.0,Scotland,Scotland,right,177,68,no,7.21,5.58,45.83,2.79,50.0,0.23,0.27,0.7,4.42,5.09,0.93,0,0.0,0,0.0,1.86,0.0,0,0.0,0.0,0,0.0,0,0.0,0.0,0.0,0.0,2.09,22.22,0.0,0.0,2.09,22.22,0.47,2.09,66.67,2.56,63.64,0.7,0.93,0.47,17.91,1.16,0.93,27.67,77.31,8.84,55.26,5.81,96.0,9.53,82.93,20.93,93.33,4.65,30.0,21.27,40.0,0.06,0.47,0.0,0.0,0.0,0.0,0.0,6.51,64.29,2.09,22.22,0.93,0.0,0.23,0.47,5.12,81.82,0,,0,,0,0,0,0.0,,,0.7,,,0.0,0.0,0.0,0.0,0,0,Scottish Premiership,Winger,0,0
J. Murphy,Hibernian,Hibernian,LAMF,32,600000,2022-05-31,4,275,0,0.86,0,0.3,18.65,47.37,Scotland,Scotland,right,178,72,no,3.27,1.96,66.67,1.64,40.0,0.0,0.0,0.0,1.96,3.16,0.33,0,0.0,0,0.0,8.18,0.0,0,0.0,0.28,0,0.0,8,2.62,37.5,0.0,0.0,3.27,60.0,2.29,57.14,0.98,66.67,0.0,7.53,60.87,12.11,43.24,3.27,6.87,2.95,24.22,1.31,1.31,33.71,78.64,10.47,75.0,9.16,92.86,9.49,65.52,29.13,83.15,1.31,25.0,15.54,22.72,0.1,1.31,0.65,0.0,1.64,40.0,0.65,2.29,57.14,4.91,66.67,1.31,0.0,1.64,1.64,6.55,75.0,0,,0,,0,0,0,0.0,,,0.0,,,0.0,0.0,0.0,0.0,0,0,Scottish Premiership,Winger,0,0
N. Clark,Dundee United,Dundee United,"CF, LW",30,525000,2023-05-31,4,306,0,0.08,1,0.29,29.71,27.72,Scotland,Scotland,right,178,67,no,1.76,2.94,30.0,8.53,41.38,0.0,0.0,0.0,0.88,0.96,1.18,0,0.0,0,0.0,1.47,0.0,0,0.0,0.02,0,0.0,2,0.59,50.0,0.0,0.29,0.88,0.0,0.0,0.0,0.88,0.0,0.29,1.76,66.67,9.71,24.24,0.59,0.0,0.0,13.53,1.47,2.35,24.41,72.29,4.12,57.14,6.76,86.96,7.65,69.23,23.24,74.68,0.59,50.0,14.72,17.3,0.08,0.88,0.0,0.0,0.29,0.0,0.59,2.35,75.0,2.35,25.0,0.29,100.0,0.88,0.0,2.06,85.71,0,,0,,0,0,0,0.0,,,0.0,,,0.0,0.0,0.0,0.0,0,0,Scottish Premiership,Winger,0,0
I. Harkes,Dundee United,Dundee United,"RCMF, LCMF, LW",26,500000,2022-05-31,3,234,0,0.25,0,0.21,15.77,58.54,England,"England, United States",right,180,73,no,9.62,6.15,81.25,3.46,55.56,0.77,0.85,0.0,3.85,4.23,0.77,0,0.0,0,0.0,1.92,0.0,0,0.0,0.1,0,0.0,3,1.15,66.67,0.0,0.0,1.54,25.0,0.77,0.0,0.77,50.0,0.0,0.77,100.0,2.69,57.14,1.54,0.0,0.0,17.31,0.38,0.38,28.46,77.03,6.54,58.82,4.23,81.82,11.54,90.0,24.62,85.94,2.69,28.57,19.14,21.26,0.08,1.92,0.0,0.0,0.77,0.0,0.38,3.85,70.0,1.15,33.33,0.0,0.0,0.0,0.0,3.85,70.0,0,,0,,0,0,0,0.0,,,0.0,,,0.38,0.0,0.0,1.54,0,0,Scottish Premiership,Winger,0,0
A. Forrest,Livingston,Livingston,"LWF, LW, RWF",24,500000,2022-05-31,4,361,1,0.2,0,0.23,26.43,49.06,Scotland,Scotland,right,175,70,no,9.22,10.47,59.52,2.49,20.0,1.0,1.24,0.0,1.99,2.47,1.25,1,0.25,0,0.0,4.24,0.25,1,0.25,0.05,0,0.0,5,1.25,20.0,20.0,0.0,2.24,33.33,1.75,42.86,0.5,0.0,0.25,4.99,60.0,9.47,55.26,1.5,1.5,1.75,7.98,0.75,1.0,15.71,61.9,4.99,35.0,2.99,83.33,4.74,73.68,12.96,69.23,0.5,0.0,15.15,5.13,0.06,0.75,0.0,0.0,0.25,100.0,0.0,0.75,33.33,2.74,45.45,0.0,0.0,0.5,1.0,2.99,66.67,0,,0,,0,0,0,0.0,,,0.0,,,1.25,0.0,0.0,1.75,0,0,Scottish Premiership,Winger,0,0
J. Emmanuel-Thomas,Aberdeen,Aberdeen,"CF, RAMF",30,500000,2023-05-31,4,290,0,0.06,0,0.17,27.62,26.97,England,"England, St. Lucia",left,183,85,no,2.79,0.93,66.67,5.9,26.32,0.0,0.0,0.0,2.17,3.96,0.93,0,0.0,0,0.0,3.41,0.0,0,0.0,0.02,0,0.0,1,0.31,0.0,0.0,0.0,0.62,50.0,0.0,0.0,0.62,50.0,0.31,5.28,52.94,14.59,25.53,1.55,1.86,0.31,17.38,3.1,1.24,29.17,85.11,7.45,70.83,9.31,93.33,7.14,91.3,28.24,86.81,0.31,0.0,16.53,7.48,0.05,0.31,0.31,0.31,0.62,50.0,0.0,4.34,92.86,0.62,100.0,0.93,33.33,0.62,0.31,4.34,85.71,0,,0,,0,0,0,0.0,,,0.31,,,0.0,0.0,0.0,0.0,0,0,Scottish Premiership,Winger,0,0
A. Spörle,Dundee United,Dundee United,LW,26,500000,2022-05-31,3,214,0,0.03,0,0.04,25.65,34.43,Argentina,"Argentina, Germany",left,182,76,no,6.31,7.15,47.06,3.36,50.0,0.0,0.0,0.0,2.94,3.5,1.68,0,0.0,0,0.0,2.1,0.0,0,0.0,0.01,0,0.0,1,0.42,0.0,0.0,0.0,1.26,33.33,1.26,33.33,0.0,0.0,0.0,2.94,57.14,10.09,25.0,0.42,1.68,1.26,10.51,1.26,0.42,21.45,74.51,6.31,60.0,4.21,80.0,4.21,90.0,18.5,81.82,1.68,25.0,16.72,32.93,0.02,0.42,0.0,0.0,0.0,0.0,0.42,1.68,75.0,0.84,50.0,0.0,0.0,0.42,0.42,2.52,50.0,0,,0,,0,0,0,0.0,,,0.0,,,0.42,0.0,0.0,0.0,0,0,Scottish Premiership,Winger,0,0
R. Tait,St. Mirren,St. Mirren,"RWB, RB",31,450000,2022-05-31,3,195,0,0.59,0,0.25,19.85,53.49,Scotland,Scotland,right,181,76,no,6.0,3.69,75.0,6.46,57.14,0.92,1.33,0.46,2.31,3.33,0.92,0,0.0,0,0.0,4.15,0.0,0,0.0,0.27,0,0.0,2,0.92,50.0,0.0,0.0,5.54,33.33,0.46,100.0,5.08,27.27,0.92,3.23,57.14,4.62,50.0,2.77,0.46,0.0,18.0,1.38,0.46,26.77,62.07,10.62,56.52,3.69,100.0,6.46,57.14,16.62,75.0,4.62,50.0,23.46,40.95,0.12,1.38,0.0,0.0,0.0,0.0,0.46,1.85,25.0,6.0,53.85,0.46,100.0,1.38,1.85,6.46,85.71,0,,0,,0,0,0,0.0,,,0.0,,,0.0,0.0,0.0,0.0,0,0,Scottish Premiership,Winger,0,0
G. Kiltie,St. Mirren,St. Mirren,"RCMF, RW, LCMF",24,450000,2023-05-31,3,146,0,0.01,0,0.0,16.03,50.0,Scotland,Scotland,right,178,70,no,3.08,1.85,66.67,3.08,40.0,0.0,0.0,0.0,1.85,2.43,0.62,0,0.0,0,0.0,2.47,0.0,0,0.0,0.0,0,0.0,1,0.62,0.0,0.0,0.0,3.08,0.0,0.0,0.0,3.08,0.0,0.0,3.7,66.67,8.63,42.86,3.08,1.23,0.62,11.71,0.62,0.62,22.81,75.68,3.08,60.0,4.32,100.0,8.01,92.31,19.11,90.32,1.23,0.0,22.92,16.68,0.0,0.0,0.0,0.0,0.62,0.0,0.0,0.62,0.0,1.23,100.0,0.62,0.0,0.62,0.0,1.85,33.33,0,,0,,0,0,0,0.0,,,0.0,,,0.0,0.0,0.0,0.0,0,0,Scottish Premiership,Winger,0,0
P. McMullan,Dundee,Dundee,"RW, RWF",25,425000,,4,389,0,0.22,1,0.89,19.9,38.37,Scotland,Scotland,right,181,70,no,4.86,4.4,47.37,1.62,28.57,0.46,0.58,0.0,2.31,2.91,0.93,2,0.46,0,0.0,6.94,0.0,0,0.0,0.05,0,0.0,7,1.62,14.29,0.0,0.23,3.7,37.5,0.46,50.0,3.24,35.71,0.69,8.33,52.78,11.11,45.83,1.16,3.24,1.85,22.67,1.16,1.62,30.31,70.99,10.18,61.36,2.54,72.73,11.11,83.33,25.22,77.06,1.39,50.0,16.46,30.84,0.21,2.08,0.0,0.0,1.62,57.14,0.69,3.01,53.85,3.7,62.5,0.46,50.0,1.62,1.39,7.63,78.79,0,,0,,0,0,0,0.0,,,0.23,,,0.93,0.0,0.0,3.7,0,0,Scottish Premiership,Winger,0,0
L. Grimshaw,Motherwell,Motherwell,"RCMF, RB",26,400000,2022-05-31,2,199,1,0.69,0,0.09,15.83,57.14,England,England,right,181,82,no,6.78,7.69,41.18,1.81,50.0,0.45,0.57,0.0,3.17,3.96,1.81,1,0.45,0,0.0,3.17,0.45,1,0.45,0.31,0,0.0,1,0.45,100.0,100.0,0.0,1.36,33.33,0.0,0.0,1.36,33.33,0.0,1.36,100.0,3.17,71.43,0.45,2.26,1.36,10.85,0.45,0.0,21.71,77.08,9.95,63.64,2.71,100.0,6.33,85.71,15.83,91.43,4.52,40.0,23.7,38.92,0.04,0.45,0.0,0.0,0.9,100.0,0.0,4.52,50.0,1.81,75.0,0.9,50.0,0.9,0.45,5.43,100.0,0,,0,,0,0,0,0.0,,,0.0,,,0.0,0.0,0.0,0.0,0,0,Scottish Premiership,Winger,0,0
S. Tanser,St. Mirren,St. Mirren,"LWB, LB",26,400000,2022-05-31,4,383,0,0.37,1,0.26,16.21,47.83,England,England,left,182,65,no,7.99,6.11,46.15,4.7,55.0,0.47,0.64,0.0,4.7,6.38,0.7,0,0.0,0,0.0,3.05,0.0,0,0.0,0.09,0,0.0,4,0.94,25.0,0.0,0.23,4.23,55.56,3.76,56.25,0.47,50.0,0.7,0.7,66.67,2.82,41.67,0.23,1.17,0.94,13.39,1.17,0.94,24.44,59.62,10.34,43.18,4.93,90.48,5.4,56.52,15.04,68.75,5.17,36.36,21.83,34.61,0.06,0.94,0.0,0.0,0.0,0.0,0.47,5.17,31.82,4.23,61.11,0.7,66.67,0.47,2.35,7.05,63.33,0,,0,,0,0,0,0.0,,,0.47,,,0.7,0.0,0.0,2.58,0,0,Scottish Premiership,Winger,0,0
F. Ojo,Aberdeen,Aberdeen,"RWF, LW, RW",30,400000,2022-05-31,3,292,1,0.3,0,0.0,17.26,28.57,Belgium,"Belgium, Nigeria",right,177,71,no,5.55,4.62,60.0,4.01,7.69,0.62,1.09,0.31,2.16,3.82,1.85,1,0.31,0,0.0,1.54,0.31,1,0.31,0.09,0,0.0,2,0.62,50.0,50.0,0.0,3.08,10.0,0.62,50.0,2.47,0.0,0.62,2.16,28.57,5.55,22.22,1.54,0.31,0.31,23.12,0.31,0.31,33.29,78.7,7.4,62.5,8.94,100.0,9.86,78.13,28.97,87.23,1.54,40.0,19.41,32.44,0.0,0.0,0.0,0.0,0.62,50.0,0.0,3.7,66.67,1.54,20.0,0.0,0.0,0.31,0.31,3.39,63.64,0,,0,,0,0,0,0.0,,,0.0,,,0.0,0.0,0.0,0.0,0,0,Scottish Premiership,Winger,0,0
A. Halliday,Hearts,Hearts,"LWB, LCMF",29,400000,2022-05-31,4,354,1,0.12,0,0.02,16.78,42.42,Scotland,Scotland,left,181,77,no,8.39,7.37,34.48,2.29,44.44,0.51,0.64,0.51,5.34,6.7,1.53,2,0.51,0,0.0,2.54,0.25,1,0.25,0.03,0,0.0,4,1.02,50.0,25.0,0.0,2.8,36.36,2.8,36.36,0.0,0.0,0.0,1.27,80.0,2.8,45.45,1.02,1.02,0.25,22.12,1.02,1.53,27.46,77.78,8.14,71.88,6.61,100.0,8.39,69.7,21.1,86.75,3.56,57.14,23.56,41.51,0.0,0.25,0.0,0.0,0.25,0.0,0.25,6.86,70.37,3.31,46.15,1.27,0.0,0.76,1.02,7.37,93.1,0,,0,,0,0,0,0.0,,,0.25,,,0.0,0.0,0.0,0.0,0,0,Scottish Premiership,Winger,0,0
M. Smith,Hearts,Hearts,"RWB, RB",33,400000,2022-05-31,4,391,0,0.14,1,0.95,11.51,52.0,Northern Ireland,Northern Ireland,right,180,71,no,6.91,4.37,57.89,2.3,50.0,0.46,0.58,0.23,3.91,4.95,1.15,0,0.0,0,0.0,2.76,0.0,0,0.0,0.03,0,0.0,4,0.92,25.0,0.0,0.23,3.22,42.86,0.0,0.0,3.22,42.86,0.23,1.84,62.5,2.76,50.0,1.38,1.15,0.23,23.71,1.84,0.46,32.46,74.47,11.51,64.0,5.98,92.31,9.67,80.95,25.78,83.04,3.91,47.06,21.49,42.38,0.22,2.07,0.0,0.0,0.0,0.0,0.69,5.29,65.22,3.22,57.14,1.15,40.0,1.38,1.15,7.37,78.13,0,,0,,0,0,0,0.0,,,0.23,,,0.69,0.0,0.0,1.38,0,0,Scottish Premiership,Winger,0,0
A. McEneff,Hearts,Hearts,"LW, AMF, LWF",26,400000,2023-05-31,2,41,0,0.03,0,0.0,,,Northern Ireland,Northern Ireland,right,175,70,no,,,,,,,0.0,,,0.0,,0,,0,,,,0,,,0,,1,,,0.0,,,,,,,,,,,,,,,,,,,,,,,,,,,,,,,20.18,30.26,,,,,,,,,,,,,,,,,,0,,0,,0,0,0,,,,,,,,,,,0,0,Scottish Premiership,Winger,0,0
C. Booth,St. Johnstone,St. Johnstone,LWB,30,400000,2022-05-31,3,192,0,0.14,0,0.0,14.53,45.16,Scotland,Scotland,left,180,75,no,5.63,4.22,44.44,3.75,37.5,0.0,0.0,0.0,3.75,6.0,0.94,0,0.0,0,0.0,3.28,0.0,0,0.0,0.07,0,0.0,3,1.41,66.67,0.0,0.0,4.22,33.33,4.22,33.33,0.0,0.0,0.47,1.88,50.0,3.28,42.86,0.0,1.41,0.94,23.91,1.41,1.41,34.22,75.34,7.97,76.47,9.38,95.0,9.84,52.38,27.66,84.75,2.34,40.0,15.33,16.82,0.0,0.0,0.0,0.0,0.0,0.0,0.0,2.81,66.67,4.69,40.0,0.0,0.0,0.0,1.41,6.09,69.23,0,,0,,0,0,0,0.0,,,0.47,,,0.0,0.0,0.0,0.47,0,0,Scottish Premiership,Winger,0,0
J. Robson,Lincoln City,Dundee United,LB,23,400000,2022-05-31,4,387,1,0.14,0,0.0,21.4,47.83,Scotland,Scotland,left,173,68,no,10.7,9.07,46.15,6.05,50.0,0.0,0.0,0.47,6.51,7.5,1.16,2,0.47,0,0.0,2.09,0.23,1,0.23,0.03,0,0.0,2,0.47,100.0,50.0,0.0,1.16,40.0,1.16,40.0,0.0,0.0,0.23,2.33,50.0,3.95,41.18,0.93,0.93,0.47,20.23,0.93,0.7,29.53,66.14,12.79,52.73,3.02,76.92,10.7,84.78,20.47,77.27,7.91,41.18,22.86,37.89,0.0,0.23,0.0,0.23,0.23,0.0,0.0,6.05,50.0,0.93,25.0,0.7,33.33,0.23,0.23,9.77,54.76,0,,0,,0,0,0,0.0,,,0.0,,,0.0,0.0,0.0,0.0,0,0,Scottish Premiership,Winger,0,0
C. Randall,Ross County,Ross County,"RB, RWB",25,400000,2022-05-31,4,373,0,0.05,0,0.11,17.61,53.42,England,England,right,180,76,no,12.79,10.62,61.36,2.9,33.33,1.21,1.34,0.72,5.07,5.63,1.21,1,0.24,0,0.0,0.97,0.0,0,0.0,0.01,0,0.0,1,0.24,0.0,0.0,0.0,1.45,33.33,0.0,0.0,1.45,33.33,0.0,0.97,50.0,1.93,50.0,0.48,0.24,0.48,21.23,0.72,0.48,26.06,80.56,8.2,67.65,8.69,97.22,4.83,80.0,21.47,86.52,3.14,61.54,17.93,29.94,0.03,0.48,0.0,0.0,0.0,0.0,0.24,3.14,61.54,1.45,50.0,0.0,0.0,0.24,0.48,5.07,76.19,0,,0,,0,0,0,0.0,,,0.24,,,0.0,0.0,0.0,0.0,0,0,Scottish Premiership,Winger,0,0
D. Mackay,Hibernian,Hibernian,"RAMF, CF",20,400000,2025-05-31,2,26,0,0.18,0,0.0,,,Scotland,Scotland,,0,0,no,,,,,,,0.0,,,10.0,,0,,0,,,,0,,,0,,1,,,0.0,,,,,,,,,,,,,,,,,,,,,,,,,,,,,,,26.09,23.15,,,,,,,,,,,,,,,,,,0,,0,,0,0,0,,,,,,,,,,,0,0,Scottish Premiership,Winger,0,0
C. McLennan,Aberdeen,Aberdeen,LW,21,375000,2023-05-31,2,68,0,0.0,0,0.0,19.85,60.0,Scotland,Scotland,right,182,69,no,6.62,5.29,50.0,1.32,100.0,0.0,0.0,0.0,3.97,5.63,1.32,0,0.0,0,0.0,5.29,0.0,0,0.0,0.0,0,0.0,0,0.0,0.0,0.0,0.0,1.32,0.0,1.32,0.0,0.0,0.0,0.0,6.62,80.0,9.26,71.43,1.32,0.0,0.0,5.29,1.32,2.65,17.21,84.62,2.65,100.0,5.29,100.0,3.97,66.67,15.88,91.67,0.0,0.0,15.44,0.0,0.0,0.0,0.0,0.0,0.0,0.0,0.0,0.0,0.0,1.32,100.0,0.0,0.0,1.32,0.0,0.0,0.0,0,,0,,0,0,0,0.0,,,1.32,,,0.0,0.0,0.0,0.0,0,0,Scottish Premiership,Winger,0,0
L. Chalmers,Dundee United,Dundee United,RW,21,350000,2024-05-31,2,87,0,0.07,0,0.0,26.9,34.62,Scotland,Scotland,left,176,68,no,6.21,7.24,71.43,0.0,0.0,0.0,0.0,0.0,1.03,1.3,0.0,0,0.0,0,0.0,2.07,0.0,0,0.0,0.07,0,0.0,2,2.07,0.0,0.0,0.0,2.07,50.0,0.0,0.0,2.07,50.0,0.0,6.21,16.67,17.59,23.53,1.03,1.03,2.07,13.45,0.0,2.07,14.48,71.43,6.21,33.33,1.03,100.0,6.21,100.0,12.41,75.0,0.0,0.0,15.72,0.0,0.0,0.0,0.0,0.0,0.0,0.0,1.03,1.03,100.0,2.07,50.0,0.0,0.0,0.0,1.03,3.1,66.67,0,,0,,0,0,0,0.0,,,0.0,,,0.0,0.0,0.0,0.0,0,0,Scottish Premiership,Winger,5, 
P. Pawlett,Dundee United,Dundee United,"RW, LW, CF",30,350000,2023-05-31,3,257,1,0.26,0,0.71,18.91,46.3,England,"England, Scotland",right,178,68,no,4.2,3.85,54.55,2.45,28.57,0.35,0.41,0.0,1.75,2.05,1.05,2,0.7,1,0.35,4.55,0.35,1,0.35,0.09,0,0.0,2,0.7,50.0,50.0,0.0,1.05,33.33,0.0,0.0,1.05,33.33,0.7,4.55,76.92,8.75,48.0,1.05,0.7,1.75,13.66,0.35,2.45,19.26,76.36,4.9,57.14,4.2,91.67,4.55,76.92,17.16,77.55,1.05,100.0,15.67,31.42,0.25,1.4,0.0,0.0,0.7,50.0,0.0,2.1,50.0,2.8,62.5,0.7,50.0,0.7,0.0,2.8,75.0,0,,0,,0,0,0,0.0,,,0.35,,,1.75,0.0,0.0,4.55,0,0,Scottish Premiership,Winger,0,0
M. O'Halloran,St. Johnstone,St. Johnstone,"CF, RWB",30,350000,2023-05-31,3,130,0,0.18,0,0.04,26.31,39.47,Scotland,Scotland,right,188,79,no,5.54,4.85,71.43,5.54,37.5,0.69,1.15,0.0,1.38,2.31,0.69,0,0.0,0,0.0,5.54,0.0,0,0.0,0.12,0,0.0,4,2.77,50.0,0.0,0.0,2.08,0.0,0.0,0.0,2.08,0.0,0.0,6.92,50.0,11.08,31.25,3.46,4.15,3.46,11.77,0.69,0.0,15.92,65.22,3.46,60.0,3.46,80.0,6.23,55.56,13.15,78.95,1.38,0.0,16.41,36.41,0.03,0.69,0.0,0.0,0.69,100.0,0.0,2.08,66.67,0.69,100.0,0.0,0.0,1.38,0.0,2.08,66.67,0,,0,,0,0,0,0.0,,,0.0,,,0.0,0.0,0.0,0.0,0,0,Scottish Premiership,Winger,0,0
D. Wright,Hibernian,Hibernian,LAMF,26,350000,2022-05-31,2,38,0,0.04,0,0.0,,,England,"England, Jamaica",right,175,69,no,,,,,,,0.0,,,5.0,,0,,0,,,,0,,,0,,1,,,0.0,,,,,,,,,,,,,,,,,,,,,,,,,,,,,,,22.05,17.58,,,,,,,,,,,,,,,,,,0,,0,,0,0,0,,,,,,,,,,,0,0,Scottish Premiership,Winger,0,0
N. McGinley,Motherwell,Motherwell,LB,24,325000,2022-05-31,2,29,0,0.0,0,0.0,,,England,England,left,187,86,no,,,,,,,0.0,,,17.14,,0,,0,,,,0,,,0,,0,,,0.0,,,,,,,,,,,,,,,,,,,,,,,,,,,,,,,20.44,15.87,,,,,,,,,,,,,,,,,,0,,0,,0,0,0,,,,,,,,,,,0,0,Scottish Premiership,Winger,0,0
L. McCowan,Dundee,Dundee,"LW, LWF, LAMF",23,325000,2023-05-31,3,211,0,0.0,0,0.39,26.02,39.34,Scotland,Scotland,,0,0,no,6.82,7.25,64.71,3.84,11.11,0.0,0.0,0.0,2.13,2.73,0.85,0,0.0,0,0.0,3.41,0.0,0,0.0,0.0,0,0.0,0,0.0,0.0,0.0,0.0,2.56,16.67,2.56,16.67,0.0,0.0,0.43,6.82,37.5,11.52,33.33,1.28,1.71,1.71,20.05,0.85,0.85,26.02,59.02,6.4,26.67,3.41,87.5,8.1,63.16,21.33,70.0,2.13,0.0,18.09,25.34,0.17,1.28,0.0,0.0,0.43,100.0,0.85,2.99,14.29,2.56,33.33,1.28,0.0,0.43,0.43,5.12,50.0,0,,0,,0,0,0,0.0,,,0.0,,,0.0,0.0,0.0,0.0,0,0,Scottish Premiership,Winger,2,Monitor
B. Spittal,Ross County,Ross County,"LCMF, RAMF, RW",25,325000,2022-05-31,5,460,0,0.62,0,0.56,16.43,42.86,Scotland,Scotland,right,183,74,no,7.24,5.67,41.38,2.35,66.67,1.17,1.16,0.0,3.72,3.68,1.57,1,0.2,0,0.0,1.96,0.0,0,0.0,0.12,0,0.0,6,1.17,16.67,0.0,0.0,1.96,40.0,0.98,40.0,0.98,40.0,0.39,2.15,45.45,5.09,38.46,0.78,0.2,0.2,16.43,0.98,0.98,26.61,71.32,11.35,58.62,3.91,95.0,7.83,75.0,19.37,80.81,5.28,48.15,23.53,41.34,0.11,1.17,0.0,0.0,0.2,0.0,0.0,7.63,56.41,2.35,58.33,0.2,100.0,0.59,0.98,6.46,63.64,0,,0,,0,0,0,0.0,,,0.0,,,1.57,0.0,0.0,2.54,0,0,Scottish Premiership,Winger,0,0
R. Flynn,St. Mirren,St. Mirren,"LW, RW",33,300000,2022-05-31,1,45,0,0.0,0,0.0,8.0,25.0,Scotland,Scotland,right,171,60,no,2.0,2.0,100.0,0.0,0.0,0.0,0.0,0.0,0.0,0.0,0.0,0,0.0,0,0.0,0.0,0.0,0,0.0,0.0,0,0.0,0,0.0,0.0,0.0,0.0,0.0,0.0,0.0,0.0,0.0,0.0,0.0,2.0,0.0,6.0,0.0,4.0,0.0,0.0,20.0,0.0,0.0,22.0,63.64,6.0,33.33,6.0,66.67,8.0,75.0,18.0,66.67,4.0,50.0,18.63,16.43,0.0,0.0,0.0,0.0,0.0,0.0,0.0,0.0,0.0,0.0,0.0,0.0,0.0,0.0,0.0,4.0,0.0,0,,0,,0,0,0,0.0,,,2.0,,,0.0,0.0,0.0,0.0,0,0,Scottish Premiership,Winger,0,0
J. Ginnelly,Hearts,Hearts,"RWF, RW",24,300000,2023-05-31,4,271,0,0.16,1,0.36,28.56,41.86,England,England,left,173,65,no,5.98,4.65,71.43,1.66,20.0,0.0,0.0,0.0,2.66,3.04,0.66,0,0.0,0,0.0,6.31,0.0,0,0.0,0.05,0,0.0,7,2.32,14.29,0.0,0.33,3.99,0.0,0.66,0.0,3.32,0.0,0.33,11.29,52.94,16.94,43.14,3.65,3.65,2.32,10.63,1.0,0.66,20.59,66.13,2.32,85.71,6.64,95.0,5.98,38.89,15.61,85.11,1.33,25.0,18.08,25.78,0.12,0.66,0.0,0.0,0.0,0.0,0.33,0.66,100.0,1.99,16.67,0.0,0.0,1.33,0.0,2.99,77.78,0,,0,,0,0,0,0.0,,,0.33,,,0.0,0.0,0.0,0.33,0,0,Scottish Premiership,Winger,0,0
D. McDaid,Dundee,Dundee,"LW, LCMF",25,300000,,2,38,0,0.0,0,0.0,,,Scotland,Scotland,right,170,73,no,,,,,,,0.0,,,12.0,,0,,0,,,,0,,,0,,0,,,0.0,,,,,,,,,,,,,,,,,,,,,,,,,,,,,,,26.49,41.96,,,,,,,,,,,,,,,,,,0,,0,,0,0,0,,,,,,,,,,,0,0,Scottish Premiership,Winger,0,0
R. Charles-Cook,Ross County,Ross County,"LAMF, LWB, LB",24,300000,2022-05-31,5,457,1,0.75,0,0.35,21.47,45.87,England,"England, Jamaica",right,175,69,no,7.88,7.48,63.16,1.77,22.22,0.2,0.2,0.39,2.95,2.96,1.58,0,0.0,0,0.0,5.51,0.2,1,0.2,0.15,0,0.0,4,0.79,75.0,25.0,0.0,3.74,42.11,2.95,40.0,0.79,50.0,0.59,5.51,57.14,10.63,42.59,2.56,2.56,1.18,12.6,0.59,0.79,19.3,69.39,4.73,62.5,4.92,88.0,6.11,74.19,13.79,80.0,2.17,45.45,19.78,28.33,0.07,0.79,0.0,0.0,0.2,100.0,0.59,1.58,50.0,2.56,38.46,0.0,0.0,0.39,1.58,3.94,55.0,0,,0,,0,0,0,0.0,,,0.2,,,0.2,0.0,0.0,0.0,0,0,Scottish Premiership,Winger,0,0
J. Longridge,Livingston,Livingston,LB,26,275000,2023-05-31,2,196,0,0.23,0,0.19,18.37,65.0,Scotland,Scotland,left,183,79,no,11.48,6.43,71.43,7.81,58.82,1.38,2.09,0.0,5.51,8.37,0.46,1,0.46,0,0.0,3.21,0.0,0,0.0,0.1,0,0.0,3,1.38,66.67,0.0,0.0,1.84,75.0,1.38,66.67,0.0,0.0,0.46,0.92,100.0,1.38,100.0,2.3,0.46,0.46,21.58,2.3,0.0,32.6,74.65,11.94,53.85,6.89,93.33,9.64,85.71,26.63,77.59,4.13,55.56,19.84,40.72,0.09,0.46,0.0,0.0,0.92,0.0,0.46,6.43,50.0,2.3,40.0,0.0,0.0,0.0,1.38,6.43,64.29,0,,0,,0,0,0,0.0,,,0.46,,,0.0,0.0,0.0,0.0,0,0,Scottish Premiership,Winger,0,0
A. Cochrane,Hearts,Hearts,"LCB, LWB, LB",21,250000,2022-06-30,4,391,0,0.17,0,0.11,16.11,45.71,England,England,left,175,70,yes,9.67,8.29,61.11,1.61,42.86,0.69,0.87,0.46,3.91,4.95,0.46,0,0.0,0,0.0,0.92,0.0,0,0.0,0.04,0,0.0,1,0.23,0.0,0.0,0.0,1.38,33.33,1.38,33.33,0.0,0.0,0.0,1.84,25.0,2.99,23.08,0.23,1.38,0.92,28.54,0.69,0.23,38.9,79.88,14.96,58.46,6.21,96.3,15.42,97.01,30.38,91.67,7.14,38.71,26.06,34.8,0.03,0.69,0.0,0.0,0.23,0.0,0.0,6.68,37.93,1.15,60.0,0.69,0.0,0.0,0.46,6.91,70.0,0,,0,,0,0,0,0.0,,,2.99,,,0.46,0.0,0.0,1.15,0,0,Scottish Premiership,Winger,0,0
P. McGowan,Dundee,Dundee,"LWF, LW, RCMF",33,250000,2022-05-31,4,291,1,0.44,0,0.0,19.48,52.38,Scotland,Scotland,right,170,64,no,5.57,8.04,53.85,2.16,71.43,0.62,0.8,0.0,0.62,0.8,1.24,2,0.62,0,0.0,1.24,0.31,1,0.31,0.14,1,0.31,4,1.24,50.0,25.0,0.0,0.31,0.0,0.31,0.0,0.0,0.0,0.0,1.24,25.0,5.88,57.89,0.93,0.31,0.31,21.03,0.93,2.16,34.02,80.0,8.97,51.72,5.88,94.74,13.3,90.7,30.0,84.54,3.71,50.0,17.1,36.03,0.0,0.31,0.0,0.0,0.31,100.0,0.0,4.64,60.0,2.47,25.0,0.31,100.0,0.31,0.0,3.09,70.0,0,,0,,0,0,0,0.0,,,0.0,,,0.0,0.0,0.0,0.31,0,0,Scottish Premiership,Winger,0,0
E. Henderson,Hearts,Hearts,"RWF, RW",21,200000,2022-05-31,2,12,0,0.0,0,0.1,,,Scotland,Scotland,right,0,0,no,,,,,,,0.0,,,0.0,,0,,0,,,,0,,,0,,0,,,0.0,,,,,,,,,,,,,,,,,,,,,,,,,,,,,,,5.66,0.0,,,,,,,,,,,,,,,,,,0,,0,,0,0,0,,,,,,,,,,,0,0,Scottish Premiership,Winger,0,0
J. Henderson,St. Mirren,St. Mirren,"RWB, RB",19,200000,2023-05-31,2,96,0,0.05,0,0.0,23.44,28.0,Scotland,Scotland,,0,0,no,0.94,3.75,0.0,2.81,66.67,0.94,1.76,0.0,0.0,0.0,0.94,0,0.0,0,0.0,5.63,0.0,0,0.0,0.05,0,0.0,1,0.94,0.0,0.0,0.0,8.44,11.11,0.0,0.0,8.44,11.11,3.75,12.19,38.46,13.13,35.71,2.81,2.81,2.81,25.31,1.88,0.94,32.81,62.86,7.5,62.5,8.44,100.0,9.38,40.0,23.44,84.0,0.94,0.0,14.81,18.83,0.0,0.0,0.0,0.0,0.0,0.0,0.0,0.94,0.0,6.56,14.29,0.94,0.0,0.0,0.94,4.69,40.0,0,,0,,0,0,0,0.0,,,0.0,,,0.0,0.0,0.0,0.0,0,0,Scottish Premiership,Winger,0,0
O. Bailey,Livingston,Livingston,"RW, RWF",21,150000,2022-06-30,2,160,0,0.05,0,0.06,21.38,42.11,England,England,left,178,75,yes,7.87,5.06,66.67,4.5,12.5,0.0,0.0,0.56,4.5,6.49,0.0,0,0.0,0,0.0,2.25,0.0,0,0.0,0.03,0,0.0,4,2.25,0.0,0.0,0.0,1.69,0.0,0.56,0.0,1.13,0.0,0.0,4.5,50.0,8.44,46.67,1.69,1.69,0.56,11.81,1.69,0.56,19.69,68.57,4.5,50.0,5.06,100.0,6.19,72.73,17.44,74.19,0.56,100.0,17.78,27.81,0.03,0.56,0.0,0.0,1.13,0.0,0.0,1.69,66.67,1.69,0.0,0.0,0.0,0.0,0.0,3.38,33.33,0,,0,,0,0,0,0.0,,,0.0,,,1.13,0.56,0.0,2.25,0,0,Scottish Premiership,Winger,0,0
J. Hungbo,Ross County,Ross County,"CF, LW",21,100000,2024-06-30,1,26,0,0.0,0,0.0,,,England,England,left,0,0,yes,,,,,,,0.0,,,3.75,,1,,0,,,,0,,,0,,1,,,0.0,,,,,,,,,,,,,,,,,,,,,,,,,,,,,,,18.24,0.0,,,,,,,,,,,,,,,,,,0,,0,,0,0,0,,,,,,,,,,,0,0,Scottish Premiership,Winger,0,0
C. Mochrie,Dundee United,Dundee United,"RW, LW, CF",18,75000,2022-05-31,2,114,0,0.0,0,0.0,10.26,30.77,Scotland,Scotland,right,179,65,no,3.95,3.16,25.0,0.79,0.0,0.0,0.0,0.0,3.16,3.53,0.79,0,0.0,0,0.0,0.79,0.0,0,0.0,0.0,0,0.0,0,0.0,0.0,0.0,0.0,0.0,0.0,0.0,0.0,0.0,0.0,0.0,1.58,50.0,3.95,40.0,0.0,1.58,0.79,14.21,0.0,0.79,22.11,71.43,4.74,50.0,5.53,71.43,10.26,84.62,20.53,73.08,1.58,50.0,14.64,24.33,0.0,0.0,0.0,0.0,0.0,0.0,0.0,3.16,50.0,0.79,0.0,0.79,0.0,0.0,0.0,5.53,71.43,0,,0,,0,0,0,0.0,,,0.0,,,0.0,0.0,0.0,0.0,0,0,Scottish Premiership,Winger,0,0
D. Watson,Dundee United,Dundee United,RW,18,50000,2023-05-31,2,43,0,0.04,0,0.0,,,Scotland,Scotland,,0,0,no,,,,,,,0.0,,,10.91,,0,,0,,,,0,,,0,,1,,,0.0,,,,,,,,,,,,,,,,,,,,,,,,,,,,,,,26.05,13.17,,,,,,,,,,,,,,,,,,0,,0,,0,0,0,,,,,,,,,,,0,0,Scottish Premiership,Winger,0,0
J. Campbell,Hibernian,Hibernian,LAMF,21,50000,2022-05-31,1,13,0,0.03,0,0.09,,,Scotland,Scotland,,0,0,no,,,,,,,0.0,,,0.0,,0,,0,,,,0,,,0,,1,,,0.0,,,,,,,,,,,,,,,,,,,,,,,,,,,,,,,17.7,23.44,,,,,,,,,,,,,,,,,,0,,0,,0,0,0,,,,,,,,,,,0,0,Scottish Premiership,Winger,0,0
D. O'Connor,Motherwell,Motherwell,RB,22,0,,1,6,0,0.0,0,0.0,,,Republic of Ireland,Republic of Ireland,right,0,0,no,,,,,,,0.0,,,15.0,,0,,0,,,,0,,,0,,0,,,0.0,,,,,,,,,,,,,,,,,,,,,,,,,,,,,,,0.0,0.0,,,,,,,,,,,,,,,,,,0,,0,,0,0,0,,,,,,,,,,,0,0,Scottish Premiership,Winger,0,0
T. Jenks,Aberdeen,Aberdeen,"RCMF, LW, AMF",19,0,,2,198,1,0.04,0,0.0,20.45,40.0,England,England,right,192,81,yes,4.09,5.0,63.64,3.64,12.5,0.0,0.0,0.0,0.91,1.5,1.36,0,0.0,0,0.0,1.82,0.45,1,0.45,0.02,0,0.0,1,0.45,100.0,100.0,0.0,1.36,0.0,0.45,0.0,0.45,0.0,0.0,3.18,42.86,5.91,38.46,0.91,0.91,0.0,14.55,0.91,1.82,22.27,77.55,5.45,83.33,3.18,85.71,7.73,76.47,20.0,84.09,0.91,50.0,16.23,23.68,0.0,0.0,0.0,0.0,0.0,0.0,0.0,1.36,100.0,0.0,0.0,0.0,0.0,0.0,0.0,3.64,62.5,0,,0,,0,0,0,0.0,,,0.0,,,0.0,0.0,0.0,0.0,0,0,Scottish Premiership,Winger,0,0
R. Devine,St. Johnstone,St. Johnstone,LWB,19,0,2022-05-31,2,180,0,0.02,0,0.06,25.0,42.0,England,England,left,184,76,yes,9.0,6.5,61.54,4.0,37.5,0.0,0.0,0.0,5.0,8.82,0.5,0,0.0,0,0.0,4.0,0.0,0,0.0,0.01,0,0.0,1,0.5,100.0,0.0,0.0,2.5,60.0,2.5,60.0,0.0,0.0,0.5,5.0,40.0,8.5,47.06,0.0,1.0,1.0,16.5,1.5,0.5,25.5,80.39,4.5,77.78,6.5,92.31,8.5,82.35,22.5,84.44,0.5,0.0,15.5,13.13,0.03,1.0,0.0,0.0,0.0,0.0,0.5,0.0,0.0,2.5,60.0,0.0,0.0,0.5,1.5,5.5,63.64,0,,0,,0,0,0,0.0,,,0.0,,,0.0,0.0,0.0,0.0,0,0,Scottish Premiership,Winger,0,0
A. Montgomery,Celtic,Celtic,"LB, LAMF",19,0,,2,30,0,0.0,0,0.02,,,Scotland,Scotland,,0,0,no,,,,,,,0.0,,,24.0,,0,,0,,,,0,,,0,,0,,,0.0,,,,,,,,,,,,,,,,,,,,,,,,,,,,,,,13.97,23.29,,,,,,,,,,,,,,,,,,0,,0,,0,0,0,,,,,,,,,,,0,0,Scottish Premiership,Winger,0,0
